No.,Object Name,RA,DEC,Type,Velocity,Redshift,Redshift Flag,Magnitude and Filter,Separation,References,Notes,Photometry Points,Positions,Redshift Points,Diameter Points,Associations
1,"<a HREF=""#"" onclick=""getObjectSearchInfo(jQuery, 2, this); return false;"">PLCK G287+32:[ZSM2017] 01.2</a>",177.70439,-28.08466,G_Lens,1115228.00,3.72,PUN,,0.102,1,0,0,1,1,0,0
2,"<a HREF=""#"" onclick=""getObjectSearchInfo(jQuery, 2, this); return false;"">PLCK G287.0+32.9:[GDW2019] 131</a>",177.70078,-28.08768,G,119338.00,0.398067,SUN,,0.163,1,0,0,1,1,0,0
3,"<a HREF=""#"" onclick=""getObjectSearchInfo(jQuery, 2, this); return false;"">PLCK G287+32:[ZSM2017] 01.1</a>",177.70603,-28.08391,G_Lens,1127220.00,3.76,PUN,,0.195,1,0,0,1,1,0,0
4,"<a HREF=""#"" onclick=""getObjectSearchInfo(jQuery, 2, this); return false;"">PLCK G287+32:[ZSM2017] 08.3</a>",177.70664,-28.08945,G_Lens,317780.00,1.06,PUN,,0.276,1,0,0,1,1,0,0
5,"<a HREF=""#"" onclick=""getObjectSearchInfo(jQuery, 2, this); return false;"">WISEA J115047.92-280523.9</a>",177.69969,-28.08999,IrS,119833.00,0.399721,SUN,,0.303,1,0,12,2,1,0,0
6,"<a HREF=""#"" onclick=""getObjectSearchInfo(jQuery, 2, this); return false;"">PLCK G287.0+32.9:[GDW2019] 136</a>",177.70197,-28.09144,G,141424.00,0.47174,SUN,,0.333,1,0,0,1,1,0,0
7,"<a HREF=""#"" onclick=""getObjectSearchInfo(jQuery, 2, this); return false;"">PLCK G287+32:[ZSM2017] c05.3  </a>",177.69687,-28.08781,VisS,557614.00,1.86,PUN,,0.353,1,0,0,1,1,0,0
8,"<a HREF=""#"" onclick=""getObjectSearchInfo(jQuery, 2, this); return false;"">PLCK G287.0+32.9:[GDW2019] 149</a>",177.70742,-28.08135,G,115233.00,0.384375,SUN,,0.357,1,0,0,1,1,0,0
9,"<a HREF=""#"" onclick=""getObjectSearchInfo(jQuery, 2, this); return false;"">PSZ1 G287.00+32.90 BCG</a>",177.70900,-28.08200,G,114581.00,0.382201,SUN,,0.389,3,0,0,3,2,0,0
10,"<a HREF=""#"" onclick=""getObjectSearchInfo(jQuery, 2, this); return false;"">PLCK G287.0+32.9:[GDW2019] 142</a>",177.70484,-28.07952,G,115491.00,0.385238,SUN,,0.398,1,0,0,1,1,0,0
11,"<a HREF=""#"" onclick=""getObjectSearchInfo(jQuery, 2, this); return false;"">SPT-CL J1150-2805</a>",177.71090,-28.08680,GClstr,116919.00,0.39,PUN,,0.41,1,0,0,1,1,0,0
12,"<a HREF=""#"" onclick=""getObjectSearchInfo(jQuery, 2, this); return false;"">PLCK G287+32:[ZSM2017] c20.2  </a>",177.71050,-28.08359,VisS,1762780.00,5.88,PUN,,0.413,1,0,0,1,1,0,0
13,"<a HREF=""#"" onclick=""getObjectSearchInfo(jQuery, 2, this); return false;"">PLCK G287+32:[ZSM2017] c20.1  </a>",177.71097,-28.08420,VisS,293797.00,0.98,PUN,,0.425,1,0,0,1,1,0,0
14,"<a HREF=""#"" onclick=""getObjectSearchInfo(jQuery, 2, this); return false;"">PLCK G287+32:[ZSM2017] c09.2  </a>",177.70917,-28.09111,VisS,254824.00,0.85,PUN,,0.44,1,0,0,1,1,0,0
15,"<a HREF=""#"" onclick=""getObjectSearchInfo(jQuery, 2, this); return false;"">PLCK G287.0+32.9:[GDW2019] 141</a>",177.70473,-28.09322,G,242086.00,0.807512,SUN,,0.441,1,0,0,1,1,0,0
16,"<a HREF=""#"" onclick=""getObjectSearchInfo(jQuery, 2, this); return false;"">PLCK G287+32:[ZSM2017] c09.1  </a>",177.71013,-28.09056,VisS,260819.00,0.87,PUN,,0.457,1,0,0,1,1,0,0
17,"<a HREF=""#"" onclick=""getObjectSearchInfo(jQuery, 2, this); return false;"">PLCK G287+32:[ZSM2017] c06.1  </a>",177.69592,-28.08099,VisS,1328081.00,4.43,PUN,,0.489,1,0,0,1,1,0,0
18,"<a HREF=""#"" onclick=""getObjectSearchInfo(jQuery, 2, this); return false;"">WISEA J115048.40-280439.3</a>",177.70169,-28.07760,IrS,100002.00,0.333571,SUN,,0.51,1,0,12,2,1,0,0
19,"<a HREF=""#"" onclick=""getObjectSearchInfo(jQuery, 2, this); return false;"">PLCK G287.0+32.9:[GDW2019] 126</a>",177.69798,-28.07854,G,113763.00,0.379473,SUN,,0.526,1,0,0,1,1,0,0
20,"<a HREF=""#"" onclick=""getObjectSearchInfo(jQuery, 2, this); return false;"">PLCK G287.0+32.9:[GDW2019] 152</a>",177.70945,-28.07863,G,103331.00,0.344675,SUN,,0.552,1,0,0,1,1,0,0
21,"<a HREF=""#"" onclick=""getObjectSearchInfo(jQuery, 2, this); return false;"">PLCK G287+32:[ZSM2017] 08.2</a>",177.71371,-28.08693,G_Lens,911369.00,3.04,PUN,,0.559,1,0,0,1,1,0,0
22,"<a HREF=""#"" onclick=""getObjectSearchInfo(jQuery, 2, this); return false;"">PSZ2 G286.98+32.90</a>",177.70500,-28.07681,GClstr,116919.00,0.39,MUN,,0.56,40,0,0,8,8,0,0
23,"<a HREF=""#"" onclick=""getObjectSearchInfo(jQuery, 2, this); return false;"">PLCK G287+32:[ZSM2017] c06.2  </a>",177.69680,-28.07857,VisS,1352064.00,4.51,PUN,,0.56,1,0,0,1,1,0,0
24,"<a HREF=""#"" onclick=""getObjectSearchInfo(jQuery, 2, this); return false;"">PLCK G287+32:[ZSM2017] 07.3</a>",177.71543,-28.08807,G_Lens,317246.00,1.058219,SUN,,0.659,2,0,0,2,2,0,0
25,"<a HREF=""#"" onclick=""getObjectSearchInfo(jQuery, 2, this); return false;"">PLCK G287+32:[ZSM2017] c05.4  </a>",177.69268,-28.09188,VisS,941348.00,3.14,PUN,,0.66,1,0,0,1,1,0,0
26,"<a HREF=""#"" onclick=""getObjectSearchInfo(jQuery, 2, this); return false;"">PLCK G287+32:[ZSM2017] 07.4</a>",177.69576,-28.09492,G_Lens,1055270.00,3.52,PUN,,0.665,1,0,0,1,1,0,0
27,"<a HREF=""#"" onclick=""getObjectSearchInfo(jQuery, 2, this); return false;"">WISEA J115051.39-280448.1</a>",177.71416,-28.08003,IrS,113150.00,0.377429,SUN,,0.681,1,0,12,2,1,0,0
28,"<a HREF=""#"" onclick=""getObjectSearchInfo(jQuery, 2, this); return false;"">WISEA J115051.81-280522.5</a>",177.71591,-28.08960,IrS,115059.00,0.383796,SUN,,0.707,1,0,12,2,1,0,0
29,"<a HREF=""#"" onclick=""getObjectSearchInfo(jQuery, 2, this); return false;"">PLCK G287+32:[ZSM2017] 19.3</a>",177.71640,-28.08786,G_Lens,2089554.00,6.97,PUN,,0.707,2,0,0,2,2,0,0
30,"<a HREF=""#"" onclick=""getObjectSearchInfo(jQuery, 2, this); return false;"">PLCK G287.0+32.9:[GDW2019] 180</a>",177.71667,-28.08629,G,119257.00,0.397798,SUN,,0.713,1,0,0,1,1,0,0
31,"<a HREF=""#"" onclick=""getObjectSearchInfo(jQuery, 2, this); return false;"">PLCK G287+32:[ZSM2017] 04.1</a>",177.71167,-28.09531,G_Lens,311784.00,1.04,PUN,,0.716,1,0,0,1,1,0,0
32,"<a HREF=""#"" onclick=""getObjectSearchInfo(jQuery, 2, this); return false;"">PLCK G287+32:[ZSM2017] 04.2</a>",177.71111,-28.09571,G_Lens,350757.00,1.17,PUN,,0.718,1,0,0,1,1,0,0
33,"<a HREF=""#"" onclick=""getObjectSearchInfo(jQuery, 2, this); return false;"">WISEA J115050.91-280544.1</a>",177.71213,-28.09560,IrS,113889.00,0.379894,SUN,,0.745,1,0,12,2,1,0,0
34,"<a HREF=""#"" onclick=""getObjectSearchInfo(jQuery, 2, this); return false;"">PLCK G287+32:[ZSM2017] c17.2  </a>",177.68907,-28.08566,VisS,956338.00,3.19,PUN,,0.748,1,0,0,1,1,0,0
35,"<a HREF=""#"" onclick=""getObjectSearchInfo(jQuery, 2, this); return false;"">PLCK G287+32:[ZSM2017] c17.1  </a>",177.68915,-28.08359,VisS,248828.00,0.83,PUN,,0.758,1,0,0,1,1,0,0
36,"<a HREF=""#"" onclick=""getObjectSearchInfo(jQuery, 2, this); return false;"">PLCK G287+32:[ZSM2017] 03.2</a>",177.71332,-28.09508,G_Lens,104927.00,0.35,PUN,,0.764,1,0,0,1,1,0,0
37,"<a HREF=""#"" onclick=""getObjectSearchInfo(jQuery, 2, this); return false;"">PLCK G287.0+32.9:[GDW2019] 156</a>",177.71051,-28.09716,G,108951.00,0.36342,SUN,,0.773,1,0,0,1,1,0,0
38,"<a HREF=""#"" onclick=""getObjectSearchInfo(jQuery, 2, this); return false;"">PLCK G287+32:[ZSM2017] 07.1</a>",177.70522,-28.07322,G_Lens,995311.00,3.32,PUN,,0.774,1,0,0,1,1,0,0
39,"<a HREF=""#"" onclick=""getObjectSearchInfo(jQuery, 2, this); return false;"">PLCK G287+32:[ZSM2017] c18.1  </a>",177.68863,-28.08777,VisS,176878.00,0.59,PUN,,0.779,1,0,0,1,1,0,0
40,"<a HREF=""#"" onclick=""getObjectSearchInfo(jQuery, 2, this); return false;"">PLCK G287+32:[ZSM2017] 03.1</a>",177.71479,-28.09432,G_Lens,842417.00,2.81,PUN,,0.791,1,0,0,1,1,0,0
41,"<a HREF=""#"" onclick=""getObjectSearchInfo(jQuery, 2, this); return false;"">PLCK G287+32:[ZSM2017] 05.1</a>",177.71204,-28.07536,G_Lens,764471.00,2.55,PUN,,0.791,1,0,0,1,1,0,0
42,"<a HREF=""#"" onclick=""getObjectSearchInfo(jQuery, 2, this); return false;"">WISEA J115051.78-280535.8</a>",177.71579,-28.09329,IrS,82078.00,0.273783,SUN,,0.797,1,0,12,2,1,0,0
43,"<a HREF=""#"" onclick=""getObjectSearchInfo(jQuery, 2, this); return false;"">PLCK G287+32:[ZSM2017] c18.2  </a>",177.68856,-28.08924,VisS,1019294.00,3.4,PUN,,0.799,1,0,0,1,1,0,0
44,"<a HREF=""#"" onclick=""getObjectSearchInfo(jQuery, 2, this); return false;"">PLCK G287+32:[ZSM2017] c05.5  </a>",177.69110,-28.09426,VisS,137905.00,0.46,PUN,,0.81,1,0,0,1,1,0,0
45,"<a HREF=""#"" onclick=""getObjectSearchInfo(jQuery, 2, this); return false;"">WISEA J115045.09-280504.2</a>",177.68788,-28.08451,IrS,422250.00,1.408474,SUN,,0.816,1,0,12,2,1,0,0
46,"<a HREF=""#"" onclick=""getObjectSearchInfo(jQuery, 2, this); return false;"">PLCK G287+32:[ZSM2017] 19.4</a>",177.69244,-28.09580,G_Lens,2080560.00,6.94,PUN,,0.819,1,0,0,1,1,0,0
47,"<a HREF=""#"" onclick=""getObjectSearchInfo(jQuery, 2, this); return false;"">PLCK G287+32:[ZSM2017] 10.3</a>",177.68747,-28.08515,G_Lens,305788.00,1.02,PUN,,0.834,1,0,0,1,1,0,0
48,"<a HREF=""#"" onclick=""getObjectSearchInfo(jQuery, 2, this); return false;"">PLCK G287+32:[ZSM2017] 05.2</a>",177.71376,-28.07530,G_Lens,668537.00,2.23,PUN,,0.851,1,0,0,1,1,0,0
49,"<a HREF=""#"" onclick=""getObjectSearchInfo(jQuery, 2, this); return false;"">PLCK G287+32:[ZSM2017] 10.1</a>",177.68726,-28.08405,G_Lens,293797.00,0.98,PUN,,0.852,1,0,0,1,1,0,0
50,"<a HREF=""#"" onclick=""getObjectSearchInfo(jQuery, 2, this); return false;"">PLCK G287+32:[ZSM2017] 10.2</a>",177.68720,-28.08446,G_Lens,290799.00,0.97,PUN,,0.852,1,0,0,1,1,0,0
51,"<a HREF=""#"" onclick=""getObjectSearchInfo(jQuery, 2, this); return false;"">PLCK G287.0+32.9:[NSB2022]0792</a>",177.70090,-28.07164,G,2359367.00,7.87,PUN,,0.87,1,0,0,1,1,0,0
52,"<a HREF=""#"" onclick=""getObjectSearchInfo(jQuery, 2, this); return false;"">PLCK G287.0+32.9:[GDW2019] 150</a>",177.70746,-28.07159,G,111753.00,0.372767,SUN,,0.894,1,0,0,1,1,0,0
53,"<a HREF=""#"" onclick=""getObjectSearchInfo(jQuery, 2, this); return false;"">PLCK G287+32:[ZSM2017] c17/18 </a>",177.69407,-28.07332,VisS,212853.00,0.71,PUN,,0.901,1,0,0,1,1,0,0
54,"<a HREF=""#"" onclick=""getObjectSearchInfo(jQuery, 2, this); return false;"">PLCKESZ G286.99+32.91</a>",177.71380,-28.07400,GClstr,116919.00,0.39,UUN,,0.913,7,0,0,2,3,0,0
55,"<a HREF=""#"" onclick=""getObjectSearchInfo(jQuery, 2, this); return false;"">PLCK G287.0+32.9:[GDW2019] 100</a>",177.68884,-28.07753,G,292206.00,0.974694,SUN,,0.914,1,0,0,1,1,0,0
56,"<a HREF=""#"" onclick=""getObjectSearchInfo(jQuery, 2, this); return false;"">PLCK G287+32:[ZSM2017] 19.1</a>",177.70501,-28.07075,G_Lens,2056577.00,6.86,PUN,,0.92,2,0,0,2,2,0,0
57,"<a HREF=""#"" onclick=""getObjectSearchInfo(jQuery, 2, this); return false;"">PLCK G287+32:[ZSM2017] 08.1</a>",177.71976,-28.08009,G_Lens,731494.00,2.44,PUN,,0.945,1,0,0,1,1,0,0
58,"<a HREF=""#"" onclick=""getObjectSearchInfo(jQuery, 2, this); return false;"">WISEA J115045.82-280426.1</a>",177.69103,-28.07382,IrS,116810.00,0.389636,SUN,,0.974,1,0,18,3,1,0,0
59,"<a HREF=""#"" onclick=""getObjectSearchInfo(jQuery, 2, this); return false;"">PLCK G287.0+32.9:[GDW2019] 191</a>",177.72117,-28.08963,G,111755.00,0.372774,SUN,,0.976,1,0,0,1,1,0,0
60,"<a HREF=""#"" onclick=""getObjectSearchInfo(jQuery, 2, this); return false;"">PLCK G287.0+32.9:[NSB2022]2013</a>",177.68780,-28.07609,G,2260435.00,7.54,PUN,,1.009,1,0,0,1,1,0,0
61,"<a HREF=""#"" onclick=""getObjectSearchInfo(jQuery, 2, this); return false;"">PLCK G287+32:[ZSM2017] c11.3  </a>",177.68418,-28.08817,VisS,26981.00,0.09,PUN,,1.016,1,0,0,1,1,0,0
62,"<a HREF=""#"" onclick=""getObjectSearchInfo(jQuery, 2, this); return false;"">PLCK G287.0+32.9:[NSB2022]2032</a>",177.72259,-28.08507,G,2368361.00,7.9,PUN,,1.028,1,0,0,1,1,0,0
63,"<a HREF=""#"" onclick=""getObjectSearchInfo(jQuery, 2, this); return false;"">PLCK G287+32:[ZSM2017] c11.1  </a>",177.68370,-28.08596,VisS,29979.00,0.1,PUN,,1.032,1,0,0,1,1,0,0
64,"<a HREF=""#"" onclick=""getObjectSearchInfo(jQuery, 2, this); return false;"">PLCK G287+32:[ZSM2017] c11.2  </a>",177.68360,-28.08629,VisS,26981.00,0.09,PUN,,1.038,1,0,0,1,1,0,0
65,"<a HREF=""#"" onclick=""getObjectSearchInfo(jQuery, 2, this); return false;"">PLCK G287.0+32.9:[GDW2019] 128</a>",177.69934,-28.10296,G,116551.00,0.388773,SUN,,1.038,1,0,0,1,1,0,0
66,"<a HREF=""#"" onclick=""getObjectSearchInfo(jQuery, 2, this); return false;"">PLCK G287.0+32.9:[GDW2019] 104</a>",177.69073,-28.07172,G,118835.00,0.39639,SUN,,1.082,1,0,0,1,1,0,0
67,"<a HREF=""#"" onclick=""getObjectSearchInfo(jQuery, 2, this); return false;"">WISEA J115045.99-280604.3</a>",177.69163,-28.10121,IrS,111715.00,0.372642,SUN,,1.099,1,0,12,3,2,0,0
68,"<a HREF=""#"" onclick=""getObjectSearchInfo(jQuery, 2, this); return false;"">WISEA J115045.06-280555.2</a>",177.68777,-28.09867,IrS,115986.00,0.386889,SUN,,1.116,1,0,12,2,1,0,0
69,"<a HREF=""#"" onclick=""getObjectSearchInfo(jQuery, 2, this); return false;"">PLCK G287+32:[ZSM2017] 03.3</a>",177.72429,-28.08629,G_Lens,278807.00,0.93,PUN,,1.116,1,0,0,1,1,0,0
70,"<a HREF=""#"" onclick=""getObjectSearchInfo(jQuery, 2, this); return false;"">PLCK G287+32:[ZSM2017] 12.1</a>",177.68210,-28.08855,G_Lens,1028288.00,3.43,PUN,,1.127,1,0,0,1,1,0,0
71,"<a HREF=""#"" onclick=""getObjectSearchInfo(jQuery, 2, this); return false;"">PLCK G287+32:[ZSM2017] c12.3  </a>",177.68168,-28.08708,VisS,1007303.00,3.36,PUN,,1.141,1,0,0,1,1,0,0
72,"<a HREF=""#"" onclick=""getObjectSearchInfo(jQuery, 2, this); return false;"">PLCK G287+32:[ZSM2017] 12.2</a>",177.68166,-28.08718,G_Lens,1040280.00,3.47,PUN,,1.143,1,0,0,1,1,0,0
73,"<a HREF=""#"" onclick=""getObjectSearchInfo(jQuery, 2, this); return false;"">PLCK G287+32:[ZSM2017] 07.2</a>",177.72031,-28.07322,G_Lens,1040280.00,3.47,PUN,,1.186,1,0,0,1,1,0,0
74,"<a HREF=""#"" onclick=""getObjectSearchInfo(jQuery, 2, this); return false;"">PSZ1 G287.00+32.90</a>",177.72490,-28.09170,GClstr,116919.00,0.39,SUN,,1.198,3,0,1,2,2,0,0
75,"<a HREF=""#"" onclick=""getObjectSearchInfo(jQuery, 2, this); return false;"">PLCK G287.0+32.9:[GDW2019] 190</a>",177.72093,-28.09840,G,113611.00,0.378965,SUN,,1.198,1,0,0,1,1,0,0
76,"<a HREF=""#"" onclick=""getObjectSearchInfo(jQuery, 2, this); return false;"">PLCK G287.0+32.9:[GDW2019] 159</a>",177.71061,-28.06657,G,115994.00,0.386914,SUN,,1.229,1,0,0,1,1,0,0
77,"<a HREF=""#"" onclick=""getObjectSearchInfo(jQuery, 2, this); return false;"">PLCK G287+32:[ZSM2017] 19.2</a>",177.71993,-28.07156,G_Lens,2077562.00,6.93,PUN,,1.239,2,0,0,2,2,0,0
78,"<a HREF=""#"" onclick=""getObjectSearchInfo(jQuery, 2, this); return false;"">PLCK G287+32:[ZSM2017] c04.3  </a>",177.72695,-28.08457,VisS,290799.00,0.97,PUN,,1.26,1,0,0,1,1,0,0
79,"<a HREF=""#"" onclick=""getObjectSearchInfo(jQuery, 2, this); return false;"">WISEA J115051.41-280402.2</a>",177.71423,-28.06730,IrS,114382.00,0.381538,SUN,,1.264,1,0,12,2,1,0,0
80,"<a HREF=""#"" onclick=""getObjectSearchInfo(jQuery, 2, this); return false;"">WISEA J115053.60-280550.6</a>",177.72335,-28.09739,IrS,111194.00,0.370902,SUN,,1.267,1,0,12,2,1,0,0
81,"<a HREF=""#"" onclick=""getObjectSearchInfo(jQuery, 2, this); return false;"">PLCK G287+32:[ZSM2017] 02.3</a>",177.72018,-28.10090,G_Lens,500653.00,1.67,PUN,,1.268,1,0,0,1,1,0,0
82,"<a HREF=""#"" onclick=""getObjectSearchInfo(jQuery, 2, this); return false;"">PLCK G287+32:[ZSM2017] c15.2  </a>",177.70933,-28.06526,VisS,140902.00,0.47,PUN,,1.286,1,0,0,1,1,0,0
83,"<a HREF=""#"" onclick=""getObjectSearchInfo(jQuery, 2, this); return false;"">PLCK G287.0+32.9:[GDW2019] 137</a>",177.70213,-28.06447,G,391754.00,1.306752,SUN,,1.293,1,0,0,1,1,0,0
84,"<a HREF=""#"" onclick=""getObjectSearchInfo(jQuery, 2, this); return false;"">WISEA J115046.75-280356.4</a>",177.69480,-28.06569,IrS,98910.00,0.329928,SUN,,1.297,1,0,12,2,1,0,0
85,"<a HREF=""#"" onclick=""getObjectSearchInfo(jQuery, 2, this); return false;"">PLCK G287.0+32.9:[GDW2019] 198</a>",177.72771,-28.08626,G,117293.00,0.391246,SUN,,1.298,1,0,0,1,1,0,0
86,"<a HREF=""#"" onclick=""getObjectSearchInfo(jQuery, 2, this); return false;"">WISEA J115049.72-280626.5</a>",177.70720,-28.10736,IrS,111838.00,0.373051,SUN,,1.299,1,0,12,2,1,0,0
87,"<a HREF=""#"" onclick=""getObjectSearchInfo(jQuery, 2, this); return false;"">WISEA J115050.37-280354.4</a>",177.70988,-28.06511,IrS,116697.00,0.389258,SUN,,1.302,1,0,12,2,1,0,0
88,"<a HREF=""#"" onclick=""getObjectSearchInfo(jQuery, 2, this); return false;"">PLCK G287+32:[ZSM2017] c15.1  </a>",177.71029,-28.06520,VisS,161888.00,0.54,PUN,,1.303,1,0,0,1,1,0,0
89,"<a HREF=""#"" onclick=""getObjectSearchInfo(jQuery, 2, this); return false;"">WISEA J115049.27-280350.3</a>",177.70533,-28.06399,IrS,117287.00,0.391227,SUN,,1.325,1,0,12,2,1,0,0
90,"<a HREF=""#"" onclick=""getObjectSearchInfo(jQuery, 2, this); return false;"">PLCK G287.0+32.9:[GDW2019] 119</a>",177.69586,-28.06470,G,403129.00,1.344692,SUN,,1.336,1,0,0,1,1,0,0
91,"<a HREF=""#"" onclick=""getObjectSearchInfo(jQuery, 2, this); return false;"">PLCK G287.0+32.9:[GDW2019] 138</a>",177.70343,-28.06333,G,391722.00,1.306645,SUN,,1.36,1,0,0,1,1,0,0
92,"<a HREF=""#"" onclick=""getObjectSearchInfo(jQuery, 2, this); return false;"">PLCK G287.0+32.9:[GDW2019] 124</a>",177.69792,-28.06345,G,402663.00,1.343139,SUN,,1.382,1,0,0,1,1,0,0
93,"<a HREF=""#"" onclick=""getObjectSearchInfo(jQuery, 2, this); return false;"">PLCK G287+32:[ZSM2017] 02.2</a>",177.72525,-28.09836,G_Lens,545622.00,1.82,PUN,,1.383,1,0,0,1,1,0,0
94,"<a HREF=""#"" onclick=""getObjectSearchInfo(jQuery, 2, this); return false;"">PLCK G287+32:[ZSM2017] 02.1</a>",177.72584,-28.09780,G_Lens,500653.00,1.67,PUN,,1.392,1,0,0,1,1,0,0
95,"<a HREF=""#"" onclick=""getObjectSearchInfo(jQuery, 2, this); return false;"">WISEA J115055.20-280501.3</a>",177.73004,-28.08370,IrS,113221.00,0.377663,SUN,,1.427,1,0,12,2,1,0,0
96,"<a HREF=""#"" onclick=""getObjectSearchInfo(jQuery, 2, this); return false;"">PLCK G287.0+32.9:[GDW2019] 184</a>",177.71773,-28.06574,G,118650.00,0.395775,SUN,,1.438,1,0,0,1,1,0,0
97,"<a HREF=""#"" onclick=""getObjectSearchInfo(jQuery, 2, this); return false;"">WISEA J115051.77-280627.4</a>",177.71574,-28.10763,IrS,120039.00,0.400407,SUN,,1.458,1,0,12,2,1,0,0
98,"<a HREF=""#"" onclick=""getObjectSearchInfo(jQuery, 2, this); return false;"">WISEA J115055.20-280534.7</a>",177.73003,-28.09299,IrS,92780.00,0.309482,SUN,,1.481,1,0,12,2,1,0,0
99,"<a HREF=""#"" onclick=""getObjectSearchInfo(jQuery, 2, this); return false;"">WISEA J115051.75-280349.9</a>",177.71565,-28.06387,IrS,112445.00,0.375075,SUN,,1.482,1,0,12,2,1,0,0
100,"<a HREF=""#"" onclick=""getObjectSearchInfo(jQuery, 2, this); return false;"">WISEA J115042.57-280546.2</a>",177.67738,-28.09618,IrS,119423.00,0.398351,SUN,,1.497,1,0,12,2,1,0,0
101,"<a HREF=""#"" onclick=""getObjectSearchInfo(jQuery, 2, this); return false;"">WISEA J115054.90-280548.3</a>",177.72878,-28.09676,IrS,117057.00,0.390461,SUN,,1.5,1,0,12,2,1,0,0
102,"<a HREF=""#"" onclick=""getObjectSearchInfo(jQuery, 2, this); return false;"">WISEA J115050.73-280636.4</a>",177.71141,-28.11014,IrS,242395.00,0.808544,SUN,,1.512,1,0,12,2,1,0,0
103,"<a HREF=""#"" onclick=""getObjectSearchInfo(jQuery, 2, this); return false;"">WISEA J115055.45-280446.5</a>",177.73107,-28.07959,IrS,116311.00,0.387972,SUN,,1.525,1,0,12,2,1,0,0
104,"<a HREF=""#"" onclick=""getObjectSearchInfo(jQuery, 2, this); return false;"">WISEA J115054.96-280428.7</a>",177.72902,-28.07464,IrS,115034.00,0.383712,SUN,,1.527,1,0,12,2,1,0,0
105,"<a HREF=""#"" onclick=""getObjectSearchInfo(jQuery, 2, this); return false;"">PLCK G287.0+32.9:[GDW2019] 097</a>",177.68868,-28.06398,G,98910.00,0.329927,SUN,,1.528,1,0,0,1,1,0,0
106,"<a HREF=""#"" onclick=""getObjectSearchInfo(jQuery, 2, this); return false;"">PLCK G287+32:[ZSM2017] 16.3</a>",177.72328,-28.10543,G_Lens,1010301.00,3.37,PUN,,1.578,1,0,0,1,1,0,0
107,"<a HREF=""#"" onclick=""getObjectSearchInfo(jQuery, 2, this); return false;"">WISEA J115056.02-280502.2</a>",177.73343,-28.08395,IrS,116831.00,0.389706,SUN,,1.605,1,0,12,2,1,0,0
108,"<a HREF=""#"" onclick=""getObjectSearchInfo(jQuery, 2, this); return false;"">PLCK G287+32:[ZSM2017] 16.1</a>",177.72479,-28.10490,G_Lens,890384.00,2.97,PUN,,1.61,1,0,0,1,1,0,0
109,"<a HREF=""#"" onclick=""getObjectSearchInfo(jQuery, 2, this); return false;"">PLCK G287.0+32.9:[GDW2019] 181</a>",177.71674,-28.06193,G,116958.00,0.390131,SUN,,1.612,1,0,0,1,1,0,0
110,"<a HREF=""#"" onclick=""getObjectSearchInfo(jQuery, 2, this); return false;"">WISEA J115056.07-280515.8</a>",177.73364,-28.08775,IrS,115449.00,0.385098,SUN,,1.615,1,0,12,2,1,0,0
111,"<a HREF=""#"" onclick=""getObjectSearchInfo(jQuery, 2, this); return false;"">PLCK G287.0+32.9:[GDW2019] 108</a>",177.69119,-28.06071,G,114249.00,0.381095,SUN,,1.645,1,0,0,1,1,0,0
112,"<a HREF=""#"" onclick=""getObjectSearchInfo(jQuery, 2, this); return false;"">PLCK G287+32:[ZSM2017] c13.3  </a>",177.72915,-28.07059,VisS,1430010.00,4.77,PUN,,1.655,1,0,0,1,1,0,0
113,"<a HREF=""#"" onclick=""getObjectSearchInfo(jQuery, 2, this); return false;"">PLCK G287+32:[ZSM2017] c13.2  </a>",177.73095,-28.07222,VisS,1247137.00,4.16,PUN,,1.686,1,0,0,1,1,0,0
114,"<a HREF=""#"" onclick=""getObjectSearchInfo(jQuery, 2, this); return false;"">PLCK G287.0+32.9:[GDW2019] 186</a>",177.71804,-28.11090,G,96399.00,0.321553,SUN,,1.688,1,0,0,1,1,0,0
115,"<a HREF=""#"" onclick=""getObjectSearchInfo(jQuery, 2, this); return false;"">WISEA J115044.80-280340.6</a>",177.68671,-28.06128,IrS,112711.00,0.375963,SUN,,1.721,1,0,12,2,1,0,0
116,"<a HREF=""#"" onclick=""getObjectSearchInfo(jQuery, 2, this); return false;"">PLCK G287+32:[ZSM2017] c13.1  </a>",177.73283,-28.07377,VisS,242832.00,0.81,PUN,,1.731,1,0,0,1,1,0,0
117,"<a HREF=""#"" onclick=""getObjectSearchInfo(jQuery, 2, this); return false;"">PLCK G287.0+32.9:[GDW2019] 095</a>",177.68811,-28.06000,G,115622.00,0.385673,SUN,,1.752,1,0,0,1,1,0,0
118,"<a HREF=""#"" onclick=""getObjectSearchInfo(jQuery, 2, this); return false;"">WISEA J115052.14-280331.9</a>",177.71726,-28.05888,IrS,113414.00,0.378309,SUN,,1.789,1,0,12,2,1,0,0
119,"<a HREF=""#"" onclick=""getObjectSearchInfo(jQuery, 2, this); return false;"">PLCK G287.0+32.9:[GDW2019] 065</a>",177.66949,-28.08356,G,113642.00,0.379068,SUN,,1.791,1,0,0,1,1,0,0
120,"<a HREF=""#"" onclick=""getObjectSearchInfo(jQuery, 2, this); return false;"">PLCK G287.0+32.9:[GDW2019] 232</a>",177.73781,-28.08438,G,109266.00,0.364471,SUN,,1.834,1,0,0,1,1,0,0
121,"<a HREF=""#"" onclick=""getObjectSearchInfo(jQuery, 2, this); return false;"">WISEA J115051.57-280654.6</a>",177.71488,-28.11517,IrS,116899.00,0.389933,SUN,,1.856,1,0,12,2,1,0,0
122,"<a HREF=""#"" onclick=""getObjectSearchInfo(jQuery, 2, this); return false;"">PLCK G287.0+32.9:[GDW2019] 234</a>",177.73847,-28.08266,G,112457.00,0.375117,SUN,,1.877,1,0,0,1,1,0,0
123,"<a HREF=""#"" onclick=""getObjectSearchInfo(jQuery, 2, this); return false;"">PLCK G287.0+32.9:[GDW2019] 116</a>",177.69383,-28.05575,G,116515.00,0.388652,SUN,,1.881,1,0,0,1,1,0,0
124,"<a HREF=""#"" onclick=""getObjectSearchInfo(jQuery, 2, this); return false;"">PLCK G287+32:[ZSM2017] 14.1</a>",177.73230,-28.06778,G_Lens,230840.00,0.77,PUN,,1.888,1,0,0,1,1,0,0
125,"<a HREF=""#"" onclick=""getObjectSearchInfo(jQuery, 2, this); return false;"">PLCK G287+32:[ZSM2017] 14.2</a>",177.73273,-28.06828,G_Lens,275809.00,0.92,PUN,,1.89,1,0,0,1,1,0,0
126,"<a HREF=""#"" onclick=""getObjectSearchInfo(jQuery, 2, this); return false;"">PLCK G287.0+32.9:[GDW2019] 086</a>",177.68196,-28.11168,G,116341.00,0.388071,SUN,,1.908,1,0,0,1,1,0,0
127,"<a HREF=""#"" onclick=""getObjectSearchInfo(jQuery, 2, this); return false;"">WISEA J115042.45-280350.3</a>",177.67689,-28.06399,IrS,103677.00,0.345828,SUN,,1.92,1,0,12,2,1,0,0
128,"<a HREF=""#"" onclick=""getObjectSearchInfo(jQuery, 2, this); return false;"">PLCK G287+32:[ZSM2017] 14.3</a>",177.73379,-28.06870,G_Lens,224844.00,0.75,PUN,,1.923,1,0,0,1,1,0,0
129,"<a HREF=""#"" onclick=""getObjectSearchInfo(jQuery, 2, this); return false;"">WISEA J115056.00-280403.7</a>",177.73336,-28.06777,IrS,99201.00,0.330899,SUN,,1.935,1,0,18,3,1,0,0
130,"<a HREF=""#"" onclick=""getObjectSearchInfo(jQuery, 2, this); return false;"">WISEA J115056.59-280607.9</a>",177.73583,-28.10220,IrS,116157.00,0.387457,SUN,,1.982,1,0,12,2,1,0,0
131,"<a HREF=""#"" onclick=""getObjectSearchInfo(jQuery, 2, this); return false;"">PLCK G287.0+32.9:[GDW2019] 241</a>",177.73978,-28.09327,G,113760.00,0.379461,SUN,,1.985,1,0,0,1,1,0,0
132,"<a HREF=""#"" onclick=""getObjectSearchInfo(jQuery, 2, this); return false;"">PLCK G287.0+32.9:[GDW2019] 251</a>",177.74164,-28.08681,G,117626.00,0.392357,SUN,,2.035,1,0,0,1,1,0,0
133,"<a HREF=""#"" onclick=""getObjectSearchInfo(jQuery, 2, this); return false;"">PLCK G287.0+32.9:[GDW2019] 117</a>",177.69473,-28.05225,G,99146.00,0.330717,SUN,,2.074,1,0,0,1,1,0,0
134,"<a HREF=""#"" onclick=""getObjectSearchInfo(jQuery, 2, this); return false;"">WISEA J115039.45-280529.1</a>",177.66438,-28.09143,IrS,114537.00,0.382053,SUN,,2.081,1,0,12,2,1,0,0
135,"<a HREF=""#"" onclick=""getObjectSearchInfo(jQuery, 2, this); return false;"">PLCK G287.0+32.9:[GDW2019] 075</a>",177.67646,-28.06040,G,115151.00,0.384102,SUN,,2.089,1,0,0,1,1,0,0
136,"<a HREF=""#"" onclick=""getObjectSearchInfo(jQuery, 2, this); return false;"">WISEA J115051.02-280711.3</a>",177.71262,-28.11983,IrS,91693.00,0.305856,SUN,,2.09,1,0,12,2,1,0,0
137,"<a HREF=""#"" onclick=""getObjectSearchInfo(jQuery, 2, this); return false;"">PLCK G287.0+32.9:[GDW2019] 112</a>",177.69204,-28.05235,G,117781.00,0.392876,SUN,,2.104,1,0,0,1,1,0,0
138,"<a HREF=""#"" onclick=""getObjectSearchInfo(jQuery, 2, this); return false;"">WISEA J115052.82-280314.9</a>",177.72011,-28.05415,IrS,116456.00,0.388455,SUN,,2.11,1,0,12,2,1,0,0
139,"<a HREF=""#"" onclick=""getObjectSearchInfo(jQuery, 2, this); return false;"">PLCK G287.0+32.9:[GDW2019] 210</a>",177.73269,-28.10969,G,116745.00,0.389418,SUN,,2.111,1,0,0,1,1,0,0
140,"<a HREF=""#"" onclick=""getObjectSearchInfo(jQuery, 2, this); return false;"">PLCK G287.0+32.9:[GDW2019] 231</a>",177.73775,-28.10423,G,122115.00,0.407332,SUN,,2.131,1,0,0,1,1,0,0
141,"<a HREF=""#"" onclick=""getObjectSearchInfo(jQuery, 2, this); return false;"">WISEA J115045.99-280306.8</a>",177.69165,-28.05192,IrS,113978.00,0.380188,SUN,,2.134,1,0,12,2,1,0,0
142,"<a HREF=""#"" onclick=""getObjectSearchInfo(jQuery, 2, this); return false;"">WISEA J115044.65-280313.2</a>",177.68605,-28.05368,IrS,112730.00,0.376028,SUN,,2.141,1,0,12,2,1,0,0
143,"<a HREF=""#"" onclick=""getObjectSearchInfo(jQuery, 2, this); return false;"">WISEA J115054.58-280653.8</a>",177.72742,-28.11496,IrS,110486.00,0.368543,SUN,,2.159,1,0,12,2,1,0,0
144,"<a HREF=""#"" onclick=""getObjectSearchInfo(jQuery, 2, this); return false;"">WISEA J115041.92-280334.5</a>",177.67468,-28.05959,IrS,98769.00,0.329457,SUN,,2.188,1,0,12,2,1,0,0
145,"<a HREF=""#"" onclick=""getObjectSearchInfo(jQuery, 2, this); return false;"">PLCK G287.0+32.9:[GDW2019] 070</a>",177.67341,-28.11153,G,70404.00,0.234842,SUN,,2.199,1,0,0,1,1,0,0
146,"<a HREF=""#"" onclick=""getObjectSearchInfo(jQuery, 2, this); return false;"">WISEA J115056.53-280633.9</a>",177.73555,-28.10942,IrS,112015.00,0.373643,SUN,,2.215,1,0,12,2,1,0,0
147,"<a HREF=""#"" onclick=""getObjectSearchInfo(jQuery, 2, this); return false;"">PLCK G287.0+32.9:[GDW2019] 261</a>",177.74575,-28.08967,G,115996.00,0.38692,SUN,,2.263,1,0,0,1,1,0,0
148,"<a HREF=""#"" onclick=""getObjectSearchInfo(jQuery, 2, this); return false;"">WISEA J115059.12-280536.6</a>",177.74637,-28.09353,IrS,114864.00,0.383146,SUN,,2.329,1,0,12,2,1,0,0
149,"<a HREF=""#"" onclick=""getObjectSearchInfo(jQuery, 2, this); return false;"">WISEA J115056.22-280649.3</a>",177.73425,-28.11370,IrS,114645.00,0.382414,SUN,,2.337,1,0,12,2,1,0,0
150,"<a HREF=""#"" onclick=""getObjectSearchInfo(jQuery, 2, this); return false;"">PLCK G287.0+32.9:[GDW2019] 162</a>",177.71219,-28.12467,G,113951.00,0.380098,SUN,,2.369,1,0,0,1,1,0,0
151,"<a HREF=""#"" onclick=""getObjectSearchInfo(jQuery, 2, this); return false;"">WISEA J115047.19-280248.7</a>",177.69666,-28.04688,IrS,115831.00,0.38637,SUN,,2.372,1,0,12,2,1,0,0
152,"<a HREF=""#"" onclick=""getObjectSearchInfo(jQuery, 2, this); return false;"">WISEA J115041.77-280318.2</a>",177.67407,-28.05506,IrS,115963.00,0.38681,SUN,,2.413,1,0,12,2,1,0,0
153,"<a HREF=""#"" onclick=""getObjectSearchInfo(jQuery, 2, this); return false;"">WISEA J115058.04-280629.1</a>",177.74185,-28.10809,IrS,114127.00,0.380686,SUN,,2.438,1,0,12,2,1,0,0
154,"<a HREF=""#"" onclick=""getObjectSearchInfo(jQuery, 2, this); return false;"">WISEA J115051.16-280244.6</a>",177.71318,-28.04573,IrS,115147.00,0.384089,SUN,,2.473,1,0,12,2,1,0,0
155,"<a HREF=""#"" onclick=""getObjectSearchInfo(jQuery, 2, this); return false;"">WISEA J115037.68-280436.9</a>",177.65704,-28.07693,IrS,114419.00,0.381661,SUN,,2.503,1,0,12,2,1,0,0
156,"<a HREF=""#"" onclick=""getObjectSearchInfo(jQuery, 2, this); return false;"">WISEA J115055.78-280311.4</a>",177.73244,-28.05318,IrS,117350.00,0.391439,SUN,,2.504,1,0,12,2,1,0,0
157,"<a HREF=""#"" onclick=""getObjectSearchInfo(jQuery, 2, this); return false;"">WISEA J115057.67-280643.2</a>",177.74031,-28.11201,IrS,116138.00,0.387394,SUN,,2.509,1,0,12,2,1,0,0
158,"<a HREF=""#"" onclick=""getObjectSearchInfo(jQuery, 2, this); return false;"">WISEA J115048.47-280238.3</a>",177.70200,-28.04399,IrS,112649.00,0.375758,SUN,,2.521,1,0,12,2,1,0,0
159,"<a HREF=""#"" onclick=""getObjectSearchInfo(jQuery, 2, this); return false;"">PLCK G287.0+32.9:[GDW2019] 048</a>",177.65588,-28.07769,G,118662.00,0.395813,SUN,,2.554,1,0,0,1,1,0,0
160,"<a HREF=""#"" onclick=""getObjectSearchInfo(jQuery, 2, this); return false;"">WISEA J115054.19-280726.0</a>",177.72581,-28.12389,IrS,116467.00,0.388491,SUN,,2.569,1,0,12,2,1,0,0
161,"<a HREF=""#"" onclick=""getObjectSearchInfo(jQuery, 2, this); return false;"">WISEA J115057.83-280331.6</a>",177.74099,-28.05879,IrS,114676.00,0.382519,SUN,,2.582,1,0,12,2,1,0,0
162,"<a HREF=""#"" onclick=""getObjectSearchInfo(jQuery, 2, this); return false;"">PLCK G287.0+32.9:[GDW2019] 217</a>",177.73396,-28.12048,G,120185.00,0.400895,SUN,,2.632,1,0,0,1,1,0,0
163,"<a HREF=""#"" onclick=""getObjectSearchInfo(jQuery, 2, this); return false;"">PLCK G287.0+32.9:[GDW2019] 243</a>",177.74048,-28.11602,G,115180.00,0.384199,SUN,,2.672,1,0,0,1,1,0,0
164,"<a HREF=""#"" onclick=""getObjectSearchInfo(jQuery, 2, this); return false;"">WISEA J115039.16-280647.7</a>",177.66317,-28.11326,IrS,119194.00,0.397588,SUN,,2.677,1,0,12,2,1,0,0
165,"<a HREF=""#"" onclick=""getObjectSearchInfo(jQuery, 2, this); return false;"">WISEA J115037.40-280606.6</a>",177.65587,-28.10184,IrS,93791.00,0.312852,SUN,,2.679,1,0,12,2,1,0,0
166,"<a HREF=""#"" onclick=""getObjectSearchInfo(jQuery, 2, this); return false;"">WISEA J115056.13-280718.2</a>",177.73388,-28.12174,IrS,114204.00,0.380943,SUN,,2.69,1,0,12,2,1,0,0
167,"<a HREF=""#"" onclick=""getObjectSearchInfo(jQuery, 2, this); return false;"">WISEA J115050.45-280229.0</a>",177.71021,-28.04140,IrS,115181.00,0.384201,SUN,,2.701,1,0,12,2,1,0,0
168,"<a HREF=""#"" onclick=""getObjectSearchInfo(jQuery, 2, this); return false;"">PLCK G287.0+32.9:[GDW2019] 195</a>",177.72369,-28.12737,G,24482.00,0.081662,SUN,,2.709,1,0,0,1,1,0,0
169,"<a HREF=""#"" onclick=""getObjectSearchInfo(jQuery, 2, this); return false;"">WISEA J115043.34-280243.4</a>",177.68059,-28.04539,IrS,116232.00,0.387707,SUN,,2.715,1,0,12,2,1,0,0
170,"<a HREF=""#"" onclick=""getObjectSearchInfo(jQuery, 2, this); return false;"">WISEA J115100.44-280406.4</a>",177.75189,-28.06858,IrS,112415.00,0.374977,SUN,,2.781,1,0,18,3,1,0,0
171,"<a HREF=""#"" onclick=""getObjectSearchInfo(jQuery, 2, this); return false;"">WISEA J115038.54-280330.2</a>",177.66061,-28.05841,IrS,108957.00,0.363442,SUN,,2.797,1,0,12,2,1,0,0
172,"<a HREF=""#"" onclick=""getObjectSearchInfo(jQuery, 2, this); return false;"">WISEA J115055.78-280248.4</a>",177.73245,-28.04680,IrS,112670.00,0.375827,SUN,,2.816,1,0,12,2,1,0,0
173,"<a HREF=""#"" onclick=""getObjectSearchInfo(jQuery, 2, this); return false;"">PLCK G287.0+32.9:[GDW2019] 039</a>",177.65018,-28.08047,G,86236.00,0.287651,SUN,,2.826,1,0,0,1,1,0,0
174,"<a HREF=""#"" onclick=""getObjectSearchInfo(jQuery, 2, this); return false;"">PLCK G287.0+32.9:[GDW2019] 041</a>",177.65048,-28.09464,G,131535.00,0.438753,SUN,,2.838,1,0,0,1,1,0,0
175,"<a HREF=""#"" onclick=""getObjectSearchInfo(jQuery, 2, this); return false;"">WISEA J115059.60-280642.4</a>",177.74836,-28.11180,IrS,113711.00,0.379299,SUN,,2.848,1,0,12,2,1,0,0
176,"<a HREF=""#"" onclick=""getObjectSearchInfo(jQuery, 2, this); return false;"">PLCK G287.0+32.9:[GDW2019] 220</a>",177.73543,-28.12424,G,116918.00,0.389995,SUN,,2.859,1,0,0,1,1,0,0
177,"<a HREF=""#"" onclick=""getObjectSearchInfo(jQuery, 2, this); return false;"">PLCK G287.0+32.9:[GDW2019] 038</a>",177.64914,-28.08369,G,100011.00,0.3336,SUN,,2.865,1,0,0,1,1,0,0
178,"<a HREF=""#"" onclick=""getObjectSearchInfo(jQuery, 2, this); return false;"">WISEA J115100.14-280634.3</a>",177.75060,-28.10954,IrS,114263.00,0.38114,SUN,,2.879,1,0,12,2,1,0,0
179,"<a HREF=""#"" onclick=""getObjectSearchInfo(jQuery, 2, this); return false;"">PLCK G287.0+32.9:[GDW2019] 209</a>",177.73266,-28.12724,G,138450.00,0.461818,SUN,,2.925,1,0,0,1,1,0,0
180,"<a HREF=""#"" onclick=""getObjectSearchInfo(jQuery, 2, this); return false;"">WISEA J115057.92-280302.2</a>",177.74136,-28.05062,IrS,113674.00,0.379174,SUN,,2.93,1,0,12,2,1,0,0
181,"<a HREF=""#"" onclick=""getObjectSearchInfo(jQuery, 2, this); return false;"">PLCK G287.0+32.9:[GDW2019] 221</a>",177.73543,-28.12578,G,91566.00,0.305432,SUN,,2.934,1,0,0,1,1,0,0
182,"<a HREF=""#"" onclick=""getObjectSearchInfo(jQuery, 2, this); return false;"">PLCK G287.0+32.9:[GDW2019] 034</a>",177.64749,-28.07997,G,117088.00,0.390564,SUN,,2.971,1,0,0,1,1,0,0
183,"<a HREF=""#"" onclick=""getObjectSearchInfo(jQuery, 2, this); return false;"">WISEA J115037.74-280654.5</a>",177.65728,-28.11514,IrS,119110.00,0.397308,SUN,,2.994,1,0,12,2,1,0,0
184,"<a HREF=""#"" onclick=""getObjectSearchInfo(jQuery, 2, this); return false;"">WISEA J115056.54-280737.4</a>",177.73561,-28.12706,IrS,116526.00,0.38869,SUN,,3.002,1,0,12,2,1,0,0
185,"<a HREF=""#"" onclick=""getObjectSearchInfo(jQuery, 2, this); return false;"">WISEA J115045.78-280807.3</a>",177.69076,-28.13537,IrS,130704.00,0.43598,SUN,,3.035,1,0,12,2,1,0,0
186,"<a HREF=""#"" onclick=""getObjectSearchInfo(jQuery, 2, this); return false;"">WISEA J115045.29-280208.8</a>",177.68874,-28.03578,IrS,115237.00,0.384388,SUN,,3.109,1,0,12,2,1,0,0
187,"<a HREF=""#"" onclick=""getObjectSearchInfo(jQuery, 2, this); return false;"">WISEA J115100.09-280701.9</a>",177.75041,-28.11720,IrS,111727.00,0.372682,SUN,,3.122,1,0,12,2,1,0,0
188,"<a HREF=""#"" onclick=""getObjectSearchInfo(jQuery, 2, this); return false;"">WISEA J115056.07-280751.2</a>",177.73367,-28.13089,IrS,116923.00,0.390012,SUN,,3.139,1,0,12,2,1,0,0
189,"<a HREF=""#"" onclick=""getObjectSearchInfo(jQuery, 2, this); return false;"">PLCK G287.0+32.9:[GDW2019] 233</a>",177.73782,-28.12989,G,114426.00,0.381685,SUN,,3.208,1,0,0,1,1,0,0
190,"<a HREF=""#"" onclick=""getObjectSearchInfo(jQuery, 2, this); return false;"">PLCK G287.0+32.9:[GDW2019] 282</a>",177.75891,-28.10850,G,118704.00,0.395953,SUN,,3.243,1,0,0,1,1,0,0
191,"<a HREF=""#"" onclick=""getObjectSearchInfo(jQuery, 2, this); return false;"">WISEA J115045.92-280157.4</a>",177.69135,-28.03264,IrS,113321.00,0.377997,SUN,,3.262,1,0,12,2,1,0,0
192,"<a HREF=""#"" onclick=""getObjectSearchInfo(jQuery, 2, this); return false;"">WISEA J115057.36-280750.2</a>",177.73901,-28.13062,IrS,116599.00,0.388932,SUN,,3.28,1,0,12,2,1,0,0
193,"<a HREF=""#"" onclick=""getObjectSearchInfo(jQuery, 2, this); return false;"">WISEA J115051.80-280154.2</a>",177.71584,-28.03174,IrS,105171.00,0.350813,SUN,,3.324,1,0,12,2,1,0,0
194,"<a HREF=""#"" onclick=""getObjectSearchInfo(jQuery, 2, this); return false;"">PLCK G287.0+32.9:[GDW2019] 225</a>",177.73641,-28.13346,G,117225.00,0.391019,SUN,,3.346,1,0,0,1,1,0,0
195,"<a HREF=""#"" onclick=""getObjectSearchInfo(jQuery, 2, this); return false;"">PLCK G287.0+32.9:[GDW2019] 076</a>",177.67664,-28.03528,G,84230.00,0.280961,SUN,,3.352,1,0,0,1,1,0,0
196,"<a HREF=""#"" onclick=""getObjectSearchInfo(jQuery, 2, this); return false;"">WISEA J115036.03-280705.8</a>",177.65015,-28.11828,IrS,114588.00,0.382223,SUN,,3.411,1,0,12,2,1,0,0
197,"<a HREF=""#"" onclick=""getObjectSearchInfo(jQuery, 2, this); return false;"">PLCK G287.0+32.9:[GDW2019] 272</a>",177.75420,-28.12130,G,116793.00,0.38958,SUN,,3.431,1,0,0,1,1,0,0
198,"<a HREF=""#"" onclick=""getObjectSearchInfo(jQuery, 2, this); return false;"">WISEA J115102.81-280639.0</a>",177.76174,-28.11085,IrS,118765.00,0.396157,SUN,,3.438,1,0,12,2,1,0,0
199,"<a HREF=""#"" onclick=""getObjectSearchInfo(jQuery, 2, this); return false;"">PLCK G287.0+32.9:[GDW2019] 045</a>",177.65398,-28.04767,G,114401.00,0.381601,SUN,,3.476,1,0,0,1,1,0,0
200,"<a HREF=""#"" onclick=""getObjectSearchInfo(jQuery, 2, this); return false;"">PLCK G287.0+32.9:[GDW2019] 031</a>",177.64259,-28.10860,G,114966.00,0.383484,SUN,,3.483,1,0,0,1,1,0,0
201,"<a HREF=""#"" onclick=""getObjectSearchInfo(jQuery, 2, this); return false;"">WISEA J115056.11-280816.1</a>",177.73379,-28.13763,IrS,113598.00,0.378921,SUN,,3.495,1,0,18,3,1,0,0
202,"<a HREF=""#"" onclick=""getObjectSearchInfo(jQuery, 2, this); return false;"">WISEA J115058.00-280218.7</a>",177.74167,-28.03853,IrS,111867.00,0.373148,SUN,,3.501,1,0,12,2,1,0,0
203,"<a HREF=""#"" onclick=""getObjectSearchInfo(jQuery, 2, this); return false;"">WISEA J115040.30-280210.1</a>",177.66795,-28.03616,IrS,116105.00,0.387284,SUN,,3.525,1,0,12,2,1,0,0
204,"<a HREF=""#"" onclick=""getObjectSearchInfo(jQuery, 2, this); return false;"">PLCK G287.0+32.9:[GDW2019] 183</a>",177.71738,-28.14349,G,127551.00,0.425465,SUN,,3.53,1,0,0,1,1,0,0
205,"<a HREF=""#"" onclick=""getObjectSearchInfo(jQuery, 2, this); return false;"">WISEA J115042.38-280153.9</a>",177.67661,-28.03166,IrS,114071.00,0.380501,SUN,,3.551,1,0,12,2,1,0,0
206,"<a HREF=""#"" onclick=""getObjectSearchInfo(jQuery, 2, this); return false;"">WISEA J115057.44-280809.2</a>",177.73936,-28.13589,IrS,114070.00,0.380496,SUN,,3.553,1,0,12,2,1,0,0
207,"<a HREF=""#"" onclick=""getObjectSearchInfo(jQuery, 2, this); return false;"">WISEA J115038.66-280755.7</a>",177.66111,-28.13216,IrS,116073.00,0.387178,SUN,,3.555,1,0,12,2,1,0,0
208,"<a HREF=""#"" onclick=""getObjectSearchInfo(jQuery, 2, this); return false;"">PLCK G287.0+32.9:[GDW2019] 028</a>",177.63589,-28.09452,G,84476.00,0.281783,SUN,,3.6,1,0,0,1,1,0,0
209,"<a HREF=""#"" onclick=""getObjectSearchInfo(jQuery, 2, this); return false;"">WISEA J115048.28-280133.2</a>",177.70119,-28.02589,IrS,113645.00,0.379079,SUN,,3.608,1,0,12,2,1,0,0
210,"<a HREF=""#"" onclick=""getObjectSearchInfo(jQuery, 2, this); return false;"">WISEA J115103.01-280700.4</a>",177.76256,-28.11678,IrS,116963.00,0.390147,SUN,,3.644,1,0,12,2,1,0,0
211,"<a HREF=""#"" onclick=""getObjectSearchInfo(jQuery, 2, this); return false;"">WISEA J115053.90-280837.8</a>",177.72459,-28.14386,IrS,113946.00,0.380082,SUN,,3.652,1,0,12,2,1,0,0
212,"<a HREF=""#"" onclick=""getObjectSearchInfo(jQuery, 2, this); return false;"">PLCK G287.0+32.9:[GDW2019] 140</a>",177.70434,-28.14715,G,73134.00,0.243949,SUN,,3.67,1,0,0,1,1,0,0
213,"<a HREF=""#"" onclick=""getObjectSearchInfo(jQuery, 2, this); return false;"">WISEA J115049.69-280851.5</a>",177.70707,-28.14764,IrS,117329.00,0.391367,SUN,,3.704,1,0,12,2,1,0,0
214,"<a HREF=""#"" onclick=""getObjectSearchInfo(jQuery, 2, this); return false;"">WISEA J115058.19-280202.9</a>",177.74237,-28.03428,IrS,110191.00,0.367559,SUN,,3.732,1,0,18,3,1,0,0
215,"<a HREF=""#"" onclick=""getObjectSearchInfo(jQuery, 2, this); return false;"">WISEA J115048.06-280125.3</a>",177.70028,-28.02370,IrS,98666.00,0.329114,SUN,,3.741,1,0,12,2,1,0,0
216,"<a HREF=""#"" onclick=""getObjectSearchInfo(jQuery, 2, this); return false;"">WISEA J115039.25-280201.4</a>",177.66358,-28.03374,IrS,113564.00,0.378809,SUN,,3.773,1,0,12,2,1,0,0
217,"<a HREF=""#"" onclick=""getObjectSearchInfo(jQuery, 2, this); return false;"">WISEA J115057.51-280825.7</a>",177.73966,-28.14049,IrS,116108.00,0.387296,SUN,,3.797,1,0,12,2,1,0,0
218,"<a HREF=""#"" onclick=""getObjectSearchInfo(jQuery, 2, this); return false;"">WISEA J115045.79-280124.3</a>",177.69080,-28.02343,IrS,115508.00,0.385292,SUN,,3.811,1,0,12,2,1,0,0
219,"<a HREF=""#"" onclick=""getObjectSearchInfo(jQuery, 2, this); return false;"">PLCK G287.0+32.9:[GDW2019] 101</a>",177.68898,-28.02315,G,115980.00,0.386866,SUN,,3.845,1,0,0,1,1,0,0
220,"<a HREF=""#"" onclick=""getObjectSearchInfo(jQuery, 2, this); return false;"">WISEA J115035.46-280740.1</a>",177.64776,-28.12782,IrS,105568.00,0.352137,SUN,,3.861,1,0,12,2,1,0,0
221,"<a HREF=""#"" onclick=""getObjectSearchInfo(jQuery, 2, this); return false;"">WISEA J115032.58-280649.8</a>",177.63579,-28.11385,IrS,111748.00,0.372752,SUN,,3.94,1,0,12,2,1,0,0
222,"<a HREF=""#"" onclick=""getObjectSearchInfo(jQuery, 2, this); return false;"">PLCK G287.0+32.9:[GDW2019] 052</a>",177.65776,-28.03373,G,116619.00,0.388999,SUN,,3.952,1,0,0,1,1,0,0
223,"<a HREF=""#"" onclick=""getObjectSearchInfo(jQuery, 2, this); return false;"">WISEA J115056.17-280131.3</a>",177.73405,-28.02536,IrS,111938.00,0.373386,SUN,,3.988,1,0,12,2,1,0,0
224,"<a HREF=""#"" onclick=""getObjectSearchInfo(jQuery, 2, this); return false;"">PLCK G287.0+32.9:[GDW2019] 043</a>",177.65358,-28.13602,G,117535.00,0.392054,SUN,,3.988,1,0,0,1,1,0,0
225,"<a HREF=""#"" onclick=""getObjectSearchInfo(jQuery, 2, this); return false;"">PLCK G287.0+32.9:[GDW2019] 290</a>",177.76232,-28.12743,G,33755.00,0.112594,SUN,,3.996,1,0,0,1,1,0,0
226,"<a HREF=""#"" onclick=""getObjectSearchInfo(jQuery, 2, this); return false;"">WISEA J115040.23-280137.8</a>",177.66766,-28.02717,IrS,116094.00,0.387249,SUN,,4.0,1,0,12,2,1,0,0
227,"<a HREF=""#"" onclick=""getObjectSearchInfo(jQuery, 2, this); return false;"">WISEA J115051.97-280908.1</a>",177.71655,-28.15226,IrS,112110.00,0.373957,SUN,,4.038,1,0,12,2,1,0,0
228,"<a HREF=""#"" onclick=""getObjectSearchInfo(jQuery, 2, this); return false;"">WISEA J115044.25-280114.3</a>",177.68440,-28.02064,IrS,114113.00,0.380641,SUN,,4.046,1,0,12,2,1,0,0
229,"<a HREF=""#"" onclick=""getObjectSearchInfo(jQuery, 2, this); return false;"">WISEA J115040.62-280131.8</a>",177.66926,-28.02552,IrS,116150.00,0.387435,SUN,,4.049,1,0,12,2,1,0,0
230,"<a HREF=""#"" onclick=""getObjectSearchInfo(jQuery, 2, this); return false;"">PLCK G287.0+32.9:[GDW2019] 033</a>",177.64707,-28.13204,G,82978.00,0.276786,SUN,,4.057,1,0,0,1,1,0,0
231,"<a HREF=""#"" onclick=""getObjectSearchInfo(jQuery, 2, this); return false;"">WISEA J115051.60-280107.0</a>",177.71502,-28.01861,IrS,115530.00,0.385368,SUN,,4.091,1,0,12,2,1,0,0
232,"<a HREF=""#"" onclick=""getObjectSearchInfo(jQuery, 2, this); return false;"">PLCK G287.0+32.9:[GDW2019] 259</a>",177.74507,-28.14424,G,318878.00,1.063662,SUN,,4.138,1,0,0,1,1,0,0
233,"<a HREF=""#"" onclick=""getObjectSearchInfo(jQuery, 2, this); return false;"">WISEA J115101.60-280207.0</a>",177.75668,-28.03529,IrS,114213.00,0.380972,SUN,,4.156,1,0,12,2,1,0,0
234,"<a HREF=""#"" onclick=""getObjectSearchInfo(jQuery, 2, this); return false;"">WISEA J115034.37-280750.6</a>",177.64322,-28.13072,IrS,198149.00,0.660955,SUN,,4.157,1,0,12,2,1,0,0
235,"<a HREF=""#"" onclick=""getObjectSearchInfo(jQuery, 2, this); return false;"">PLCK G287.0+32.9:[GDW2019] 283</a>",177.75945,-28.13476,G,33755.00,0.112596,SUN,,4.174,1,0,0,1,1,0,0
236,"<a HREF=""#"" onclick=""getObjectSearchInfo(jQuery, 2, this); return false;"">WISEA J115044.77-280101.0</a>",177.68658,-28.01696,IrS,130445.00,0.435118,SUN,,4.235,1,0,12,2,1,0,0
237,"<a HREF=""#"" onclick=""getObjectSearchInfo(jQuery, 2, this); return false;"">WISEA J115102.72-280806.9</a>",177.76137,-28.13526,IrS,116608.00,0.388962,SUN,,4.268,1,0,12,2,1,0,0
238,"<a HREF=""#"" onclick=""getObjectSearchInfo(jQuery, 2, this); return false;"">WISEA J115047.21-280924.9</a>",177.69674,-28.15694,IrS,121998.00,0.406942,SUN,,4.27,1,0,12,2,1,0,0
239,"<a HREF=""#"" onclick=""getObjectSearchInfo(jQuery, 2, this); return false;"">WISEA J115105.97-280311.2</a>",177.77489,-28.05312,IrS,116712.00,0.389309,SUN,,4.277,1,0,12,2,1,0,0
240,"<a HREF=""#"" onclick=""getObjectSearchInfo(jQuery, 2, this); return false;"">WISEA J115057.76-280857.7</a>",177.74075,-28.14942,G,18093.00,0.060353,SUN,,4.293,3,0,31,6,2,2,0
241,"<a HREF=""#"" onclick=""getObjectSearchInfo(jQuery, 2, this); return false;"">PLCK G287.0+32.9:[GDW2019] 067</a>",177.67013,-28.02055,G,114785.00,0.382881,SUN,,4.299,1,0,0,1,1,0,0
242,"<a HREF=""#"" onclick=""getObjectSearchInfo(jQuery, 2, this); return false;"">WISEA J115052.29-280925.0</a>",177.71788,-28.15695,IrS,73197.00,0.24416,SUN,,4.328,1,0,12,2,1,0,0
243,"<a HREF=""#"" onclick=""getObjectSearchInfo(jQuery, 2, this); return false;"">WISEA J115045.26-280925.2</a>",177.68861,-28.15701,IrS,93466.00,0.311769,SUN,,4.33,1,0,12,2,1,0,0
244,"<a HREF=""#"" onclick=""getObjectSearchInfo(jQuery, 2, this); return false;"">PLCK G287.0+32.9:[GDW2019] 102</a>",177.68982,-28.15768,G,93592.00,0.312189,SUN,,4.359,1,0,0,1,1,0,0
245,"<a HREF=""#"" onclick=""getObjectSearchInfo(jQuery, 2, this); return false;"">WISEA J115107.36-280644.9</a>",177.78070,-28.11248,IrS,117061.00,0.390472,SUN,,4.399,1,0,12,2,1,0,0
246,"<a HREF=""#"" onclick=""getObjectSearchInfo(jQuery, 2, this); return false;"">WISEA J115035.57-280830.7</a>",177.64823,-28.14189,IrS,116295.00,0.387917,SUN,,4.439,1,0,12,2,1,0,0
247,"<a HREF=""#"" onclick=""getObjectSearchInfo(jQuery, 2, this); return false;"">PLCK G287.0+32.9:[GDW2019] 024</a>",177.62707,-28.05479,G,230614.00,0.769245,SUN,,4.444,1,0,0,1,1,0,0
248,"<a HREF=""#"" onclick=""getObjectSearchInfo(jQuery, 2, this); return false;"">WISEA J115036.26-280136.8</a>",177.65109,-28.02689,IrS,114500.00,0.381932,SUN,,4.493,1,0,12,2,1,0,0
249,"<a HREF=""#"" onclick=""getObjectSearchInfo(jQuery, 2, this); return false;"">PLCK G287.0+32.9:[GDW2019] 025</a>",177.63059,-28.12523,G,105741.00,0.352714,SUN,,4.507,1,0,0,1,1,0,0
250,"<a HREF=""#"" onclick=""getObjectSearchInfo(jQuery, 2, this); return false;"">WISEA J115042.42-280047.2</a>",177.67677,-28.01313,IrS,111661.00,0.372462,SUN,,4.59,1,0,12,2,1,0,0
251,"<a HREF=""#"" onclick=""getObjectSearchInfo(jQuery, 2, this); return false;"">WISEA J115032.36-280800.2</a>",177.63484,-28.13340,IrS,105380.00,0.351511,SUN,,4.602,1,0,12,2,1,0,0
252,"<a HREF=""#"" onclick=""getObjectSearchInfo(jQuery, 2, this); return false;"">WISEA J115052.92-280940.9</a>",177.72052,-28.16137,IrS,72949.00,0.243332,SUN,,4.614,1,0,12,2,1,0,0
253,"<a HREF=""#"" onclick=""getObjectSearchInfo(jQuery, 2, this); return false;"">WISEA J115040.07-280057.2</a>",177.66679,-28.01608,G,18264.00,0.060922,SUN,13.67,4.617,9,0,27,6,4,2,0
254,"<a HREF=""#"" onclick=""getObjectSearchInfo(jQuery, 2, this); return false;"">WISEA J115028.68-280349.6</a>",177.61953,-28.06378,IrS,113900.00,0.37993,SUN,,4.626,1,0,12,2,1,0,0
255,"<a HREF=""#"" onclick=""getObjectSearchInfo(jQuery, 2, this); return false;"">WISEA J115030.17-280720.3</a>",177.62573,-28.12232,IrS,70294.00,0.234476,SUN,,4.644,1,0,12,2,1,0,0
256,"<a HREF=""#"" onclick=""getObjectSearchInfo(jQuery, 2, this); return false;"">PLCK G287.0+32.9:[GDW2019] 274</a>",177.75493,-28.14867,G,117122.00,0.390676,SUN,,4.651,1,0,0,1,1,0,0
257,"<a HREF=""#"" onclick=""getObjectSearchInfo(jQuery, 2, this); return false;"">PLCK G287.0+32.9:[GDW2019] 205</a>",177.73108,-28.16013,G,105437.00,0.351701,SUN,,4.686,1,0,0,1,1,0,0
258,"<a HREF=""#"" onclick=""getObjectSearchInfo(jQuery, 2, this); return false;"">WISEA J115058.40-280056.3</a>",177.74334,-28.01566,IrS,112676.00,0.375847,SUN,,4.725,1,0,12,2,1,0,0
259,"<a HREF=""#"" onclick=""getObjectSearchInfo(jQuery, 2, this); return false;"">WISEA J115056.78-280932.8</a>",177.73661,-28.15913,IrS,118252.00,0.394447,SUN,,4.731,1,0,12,2,1,0,0
260,"<a HREF=""#"" onclick=""getObjectSearchInfo(jQuery, 2, this); return false;"">WISEA J115041.16-280043.0</a>",177.67151,-28.01196,IrS,115666.00,0.385819,SUN,,4.749,1,0,12,2,1,0,0
261,"<a HREF=""#"" onclick=""getObjectSearchInfo(jQuery, 2, this); return false;"">PLCK G287.0+32.9:[GDW2019] 155</a>",177.71019,-28.16494,G,115883.00,0.386543,SUN,,4.751,1,0,0,1,1,0,0
262,"<a HREF=""#"" onclick=""getObjectSearchInfo(jQuery, 2, this); return false;"">WISEA J115033.17-280828.3</a>",177.63822,-28.14120,IrS,105002.00,0.35025,SUN,,4.775,1,0,12,2,1,0,0
263,"<a HREF=""#"" onclick=""getObjectSearchInfo(jQuery, 2, this); return false;"">WISEA J115100.59-280910.1</a>",177.75248,-28.15282,IrS,114735.00,0.382715,SUN,,4.783,1,0,12,2,1,0,0
264,"<a HREF=""#"" onclick=""getObjectSearchInfo(jQuery, 2, this); return false;"">PLCK G287.0+32.9:[GDW2019] 085</a>",177.68096,-28.00860,G,112669.00,0.375824,SUN,,4.791,1,0,0,1,1,0,0
265,"<a HREF=""#"" onclick=""getObjectSearchInfo(jQuery, 2, this); return false;"">PLCK G287.0+32.9:[GDW2019] 327</a>",177.78679,-28.11845,G,113925.00,0.380013,SUN,,4.833,1,0,0,1,1,0,0
266,"<a HREF=""#"" onclick=""getObjectSearchInfo(jQuery, 2, this); return false;"">PLCK G287.0+32.9:[GDW2019] 193</a>",177.72285,-28.00717,G,111732.00,0.372699,SUN,,4.843,1,0,0,1,1,0,0
267,"<a HREF=""#"" onclick=""getObjectSearchInfo(jQuery, 2, this); return false;"">WISEA J115037.08-280103.4</a>",177.65452,-28.01762,IrS,115717.00,0.385991,SUN,,4.846,1,0,12,2,1,0,0
268,"<a HREF=""#"" onclick=""getObjectSearchInfo(jQuery, 2, this); return false;"">PLCK G287.0+32.9:[GDW2019] 099</a>",177.68874,-28.16586,G,93666.00,0.312436,SUN,,4.853,1,0,0,1,1,0,0
269,"<a HREF=""#"" onclick=""getObjectSearchInfo(jQuery, 2, this); return false;"">WISEA J115045.69-281000.9</a>",177.69041,-28.16693,IrS,117880.00,0.393205,SUN,,4.903,1,0,12,2,1,0,0
270,"<a HREF=""#"" onclick=""getObjectSearchInfo(jQuery, 2, this); return false;"">WISEA J115058.93-280932.5</a>",177.74556,-28.15904,IrS,107904.00,0.359929,SUN,,4.922,1,0,12,2,1,0,0
271,"<a HREF=""#"" onclick=""getObjectSearchInfo(jQuery, 2, this); return false;"">PLCK G287.0+32.9:[GDW2019] 264</a>",177.74702,-28.15839,G,18275.00,0.06096,SUN,,4.924,1,0,0,1,1,0,0
272,"<a HREF=""#"" onclick=""getObjectSearchInfo(jQuery, 2, this); return false;"">WISEA J115050.50-280012.8</a>",177.71045,-28.00358,IrS,114788.00,0.38289,SUN,,4.96,1,0,12,2,1,0,0
273,"<a HREF=""#"" onclick=""getObjectSearchInfo(jQuery, 2, this); return false;"">PLCK G287.0+32.9:[GDW2019] 121</a>",177.69665,-28.00291,G,130936.00,0.436754,SUN,,4.997,1,0,0,1,1,0,0
274,"<a HREF=""#"" onclick=""getObjectSearchInfo(jQuery, 2, this); return false;"">WISEA J115042.40-280021.7</a>",177.67667,-28.00605,IrS,117191.00,0.390908,SUN,,4.998,1,0,12,2,1,0,0
275,"<a HREF=""#"" onclick=""getObjectSearchInfo(jQuery, 2, this); return false;"">WISEA J115053.07-281005.4</a>",177.72114,-28.16819,IrS,112655.00,0.375778,SUN,,5.022,1,0,12,2,1,0,0
276,"<a HREF=""#"" onclick=""getObjectSearchInfo(jQuery, 2, this); return false;"">PLCK G287.0+32.9:[GDW2019] 145</a>",177.70642,-28.00184,G,184191.00,0.614395,SUN,,5.052,1,0,0,1,1,0,0
277,"<a HREF=""#"" onclick=""getObjectSearchInfo(jQuery, 2, this); return false;"">WISEA J115104.56-280850.1</a>",177.76901,-28.14726,IrS,33645.00,0.112227,SUN,,5.064,1,0,12,2,1,0,0
278,"<a HREF=""#"" onclick=""getObjectSearchInfo(jQuery, 2, this); return false;"">WISEA J115037.67-280041.8</a>",177.65700,-28.01161,IrS,115918.00,0.38666,SUN,,5.09,1,0,12,2,1,0,0
279,"<a HREF=""#"" onclick=""getObjectSearchInfo(jQuery, 2, this); return false;"">WISEA J115046.30-281015.8</a>",177.69293,-28.17108,IrS,118930.00,0.396708,SUN,,5.134,1,0,12,2,1,0,0
280,"<a HREF=""#"" onclick=""getObjectSearchInfo(jQuery, 2, this); return false;"">WISEA J115057.78-280957.5</a>",177.74076,-28.16598,IrS,18262.00,0.060917,SUN,,5.194,1,0,12,2,1,0,0
281,"<a HREF=""#"" onclick=""getObjectSearchInfo(jQuery, 2, this); return false;"">WISEA J115108.20-280808.2</a>",177.78419,-28.13564,IrS,117144.00,0.390751,SUN,,5.219,1,0,12,2,1,0,0
282,"<a HREF=""#"" onclick=""getObjectSearchInfo(jQuery, 2, this); return false;"">PLCK G287.0+32.9:[GDW2019] 078</a>",177.67674,-28.00219,G,168260.00,0.561256,SUN,,5.22,1,0,0,1,1,0,0
283,"<a HREF=""#"" onclick=""getObjectSearchInfo(jQuery, 2, this); return false;"">WISEA J115039.11-280020.8</a>",177.66297,-28.00580,IrS,130960.00,0.436835,SUN,,5.262,1,0,12,2,1,0,0
284,"<a HREF=""#"" onclick=""getObjectSearchInfo(jQuery, 2, this); return false;"">WISEA J115059.11-280024.8</a>",177.74631,-28.00691,IrS,115345.00,0.384748,SUN,,5.266,1,0,12,2,1,0,0
285,"<a HREF=""#"" onclick=""getObjectSearchInfo(jQuery, 2, this); return false;"">PLCK G287.0+32.9:[GDW2019] 295</a>",177.76466,-28.15586,G,73341.00,0.244638,SUN,,5.306,1,0,0,1,1,0,0
286,"<a HREF=""#"" onclick=""getObjectSearchInfo(jQuery, 2, this); return false;"">WISEA J115025.18-280615.9</a>",177.60493,-28.10444,IrS,114726.00,0.382685,SUN,,5.318,1,0,12,2,1,0,0
287,"<a HREF=""#"" onclick=""getObjectSearchInfo(jQuery, 2, this); return false;"">WISEA J115104.97-280112.6</a>",177.77071,-28.02019,IrS,105174.00,0.350822,SUN,,5.326,1,0,12,2,1,0,0
288,"<a HREF=""#"" onclick=""getObjectSearchInfo(jQuery, 2, this); return false;"">WISEA J115051.15-275950.6</a>",177.71313,-27.99739,IrS,115558.00,0.38546,SUN,,5.342,1,0,12,2,1,0,0
289,"<a HREF=""#"" onclick=""getObjectSearchInfo(jQuery, 2, this); return false;"">PLCK G287.0+32.9:[GDW2019] 055</a>",177.66127,-28.00489,G,114297.00,0.381255,SUN,,5.349,1,0,0,1,1,0,0
290,"<a HREF=""#"" onclick=""getObjectSearchInfo(jQuery, 2, this); return false;"">WISEA J115047.60-275948.6</a>",177.69836,-27.99685,IrS,116322.00,0.38801,SUN,,5.355,1,0,12,2,1,0,0
291,"<a HREF=""#"" onclick=""getObjectSearchInfo(jQuery, 2, this); return false;"">PLCK G287.0+32.9:[GDW2019] 165</a>",177.71296,-28.17530,G,103553.00,0.345417,SUN,,5.383,1,0,0,1,1,0,0
292,"<a HREF=""#"" onclick=""getObjectSearchInfo(jQuery, 2, this); return false;"">PLCK G287.0+32.9:[GDW2019] 017</a>",177.61365,-28.04167,G,142056.00,0.473849,SUN,,5.436,1,0,0,1,1,0,0
293,"<a HREF=""#"" onclick=""getObjectSearchInfo(jQuery, 2, this); return false;"">WISEA J115057.56-281016.8</a>",177.73985,-28.17135,IrS,114684.00,0.382546,SUN,,5.476,1,0,12,2,1,0,0
294,"<a HREF=""#"" onclick=""getObjectSearchInfo(jQuery, 2, this); return false;"">WISEA J115056.71-275957.0</a>",177.73631,-27.99919,IrS,111794.00,0.372906,SUN,,5.496,1,0,12,2,1,0,0
295,"<a HREF=""#"" onclick=""getObjectSearchInfo(jQuery, 2, this); return false;"">PLCK G287.0+32.9:[GDW2019] 247</a>",177.74105,-28.17189,G,167202.00,0.557725,SUN,,5.529,1,0,0,1,1,0,0
296,"<a HREF=""#"" onclick=""getObjectSearchInfo(jQuery, 2, this); return false;"">WISEA J115105.01-280923.5</a>",177.77089,-28.15654,IrS,44671.00,0.149008,SUN,,5.545,1,0,12,2,1,0,0
297,"<a HREF=""#"" onclick=""getObjectSearchInfo(jQuery, 2, this); return false;"">WISEA J115040.70-275950.1</a>",177.66960,-27.99728,IrS,51943.00,0.173263,SUN,,5.613,1,0,12,2,1,0,0
298,"<a HREF=""#"" onclick=""getObjectSearchInfo(jQuery, 2, this); return false;"">WISEA J115057.50-275949.0</a>",177.73960,-27.99696,IrS,113571.00,0.378832,SUN,,5.679,1,0,12,2,1,0,0
299,"<a HREF=""#"" onclick=""getObjectSearchInfo(jQuery, 2, this); return false;"">WISEA J115024.99-280721.5</a>",177.60413,-28.12266,IrS,115945.00,0.386751,SUN,,5.686,1,0,12,2,1,0,0
300,"<a HREF=""#"" onclick=""getObjectSearchInfo(jQuery, 2, this); return false;"">WISEA J115057.78-281031.3</a>",177.74076,-28.17537,IrS,76926.00,0.256598,SUN,,5.719,1,0,12,2,1,0,0
301,"<a HREF=""#"" onclick=""getObjectSearchInfo(jQuery, 2, this); return false;"">PLCK G287.0+32.9:[GDW2019] 333</a>",177.79352,-28.14044,G,93218.00,0.310943,SUN,,5.789,1,0,0,1,1,0,0
302,"<a HREF=""#"" onclick=""getObjectSearchInfo(jQuery, 2, this); return false;"">WISEA J115110.32-280828.9</a>",177.79301,-28.14139,IrS,118325.00,0.394689,SUN,,5.799,1,0,12,2,1,0,0
303,"<a HREF=""#"" onclick=""getObjectSearchInfo(jQuery, 2, this); return false;"">WISEA J115103.04-280015.5</a>",177.76267,-28.00432,IrS,170010.00,0.567093,SUN,,5.825,1,0,12,2,1,0,0
304,"<a HREF=""#"" onclick=""getObjectSearchInfo(jQuery, 2, this); return false;"">WISEA J115029.67-280911.6</a>",177.62364,-28.15324,IrS,134079.00,0.44724,SUN,,5.831,1,0,12,2,1,0,0
305,"<a HREF=""#"" onclick=""getObjectSearchInfo(jQuery, 2, this); return false;"">PLCK G287.0+32.9:[GDW2019] 021</a>",177.62392,-28.01825,G,233623.00,0.779283,SUN,,5.844,1,0,0,1,1,0,0
306,"<a HREF=""#"" onclick=""getObjectSearchInfo(jQuery, 2, this); return false;"">PLCK G287.0+32.9:[GDW2019] 027</a>",177.63494,-28.00925,G,233349.00,0.778368,SUN,,5.854,1,0,0,1,1,0,0
307,"<a HREF=""#"" onclick=""getObjectSearchInfo(jQuery, 2, this); return false;"">WISEA J115050.40-281106.1</a>",177.71003,-28.18504,IrS,112676.00,0.375846,SUN,,5.954,1,0,12,2,1,0,0
308,"<a HREF=""#"" onclick=""getObjectSearchInfo(jQuery, 2, this); return false;"">WISEA J115058.27-275933.3</a>",177.74280,-27.99261,IrS,111886.00,0.373211,SUN,,5.983,1,0,12,2,1,0,0
309,"<a HREF=""#"" onclick=""getObjectSearchInfo(jQuery, 2, this); return false;"">WISEA J115058.67-281044.5</a>",177.74448,-28.17905,IrS,114924.00,0.383345,SUN,,5.995,1,0,12,2,1,0,0
310,"<a HREF=""#"" onclick=""getObjectSearchInfo(jQuery, 2, this); return false;"">WISEA J115049.50-275909.5</a>",177.70623,-27.98606,IrS,63806.00,0.212834,SUN,,5.999,1,0,18,3,1,0,0
311,"<a HREF=""#"" onclick=""getObjectSearchInfo(jQuery, 2, this); return false;"">WISEA J115048.88-275909.1</a>",177.70371,-27.98589,IrS,19424.00,0.064793,SUN,,6.007,1,0,12,2,1,0,0
312,"<a HREF=""#"" onclick=""getObjectSearchInfo(jQuery, 2, this); return false;"">PLCK G287.0+32.9:[GDW2019] 127</a>",177.69919,-27.98583,G,112857.00,0.376451,SUN,,6.014,1,0,0,1,1,0,0
313,"<a HREF=""#"" onclick=""getObjectSearchInfo(jQuery, 2, this); return false;"">WISEA J115108.03-280048.9</a>",177.78347,-28.01361,IrS,180829.00,0.603179,SUN,,6.077,1,0,12,2,1,0,0
314,"<a HREF=""#"" onclick=""getObjectSearchInfo(jQuery, 2, this); return false;"">WISEA J115047.39-275904.8</a>",177.69748,-27.98469,IrS,114944.00,0.383412,SUN,,6.086,1,0,12,2,1,0,0
315,"<a HREF=""#"" onclick=""getObjectSearchInfo(jQuery, 2, this); return false;"">PLCK G287.0+32.9:[GDW2019] 019</a>",177.62317,-28.01291,G,116383.00,0.388212,SUN,,6.098,1,0,0,1,1,0,0
316,"<a HREF=""#"" onclick=""getObjectSearchInfo(jQuery, 2, this); return false;"">PLCK G287.0+32.9:[GDW2019] 258</a>",177.74499,-27.99022,G,115737.00,0.386058,SUN,,6.158,1,0,0,1,1,0,0
317,"<a HREF=""#"" onclick=""getObjectSearchInfo(jQuery, 2, this); return false;"">PLCK G287.0+32.9:[GDW2019] 299</a>",177.76618,-28.17254,G,118967.00,0.39683,SUN,,6.17,1,0,0,1,1,0,0
318,"<a HREF=""#"" onclick=""getObjectSearchInfo(jQuery, 2, this); return false;"">PLCK G287.0+32.9:[GDW2019] 328</a>",177.78687,-28.01380,G,52153.00,0.173964,SUN,,6.196,1,0,0,1,1,0,0
319,"<a HREF=""#"" onclick=""getObjectSearchInfo(jQuery, 2, this); return false;"">PLCK G287.0+32.9:[GDW2019] 044</a>",177.65369,-27.99239,G,158187.00,0.527656,SUN,,6.198,1,0,0,1,1,0,0
320,"<a HREF=""#"" onclick=""getObjectSearchInfo(jQuery, 2, this); return false;"">PLCK G287.0+32.9:[GDW2019] 315</a>",177.77594,-28.16697,G,30444.00,0.101549,SUN,,6.198,1,0,0,1,1,0,0
321,"<a HREF=""#"" onclick=""getObjectSearchInfo(jQuery, 2, this); return false;"">PLCK G287.0+32.9:[GDW2019] 298</a>",177.76529,-28.17413,G,182041.00,0.607223,SUN,,6.225,1,0,0,1,1,0,0
322,"<a HREF=""#"" onclick=""getObjectSearchInfo(jQuery, 2, this); return false;"">WISEA J115048.29-275855.0</a>",177.70124,-27.98195,IrS,130633.00,0.435744,SUN,,6.244,1,0,12,2,1,0,0
323,"<a HREF=""#"" onclick=""getObjectSearchInfo(jQuery, 2, this); return false;"">WISEA J115046.51-281124.0</a>",177.69379,-28.19002,IrS,105015.00,0.350291,SUN,,6.261,1,0,12,2,1,0,0
324,"<a HREF=""#"" onclick=""getObjectSearchInfo(jQuery, 2, this); return false;"">PLCK G287.0+32.9:[GDW2019] 023</a>",177.62679,-28.00631,G,116397.00,0.38826,SUN,,6.263,1,0,0,1,1,0,0
325,"<a HREF=""#"" onclick=""getObjectSearchInfo(jQuery, 2, this); return false;"">PLCK G287.0+32.9:[GDW2019] 330</a>",177.79083,-28.01578,G,118302.00,0.394613,SUN,,6.268,1,0,0,1,1,0,0
326,"<a HREF=""#"" onclick=""getObjectSearchInfo(jQuery, 2, this); return false;"">PLCK G287.0+32.9:[GDW2019] 332</a>",177.79317,-28.15536,G,112537.00,0.375383,SUN,,6.324,1,0,0,1,1,0,0
327,"<a HREF=""#"" onclick=""getObjectSearchInfo(jQuery, 2, this); return false;"">WISEA J115057.00-281115.3</a>",177.73754,-28.18760,IrS,114987.00,0.383556,SUN,,6.361,1,0,12,3,2,0,0
328,"<a HREF=""#"" onclick=""getObjectSearchInfo(jQuery, 2, this); return false;"">WISEA J115044.90-275850.2</a>",177.68709,-27.98062,IrS,118058.00,0.393799,SUN,,6.38,1,0,12,2,1,0,0
329,"<a HREF=""#"" onclick=""getObjectSearchInfo(jQuery, 2, this); return false;"">PLCK G287.0+32.9:[GDW2019] 309</a>",177.77231,-28.17378,G,112780.00,0.376193,SUN,,6.412,1,0,0,1,1,0,0
330,"<a HREF=""#"" onclick=""getObjectSearchInfo(jQuery, 2, this); return false;"">WISEA J115106.06-281020.1</a>",177.77525,-28.17226,IrS,94363.00,0.31476,SUN,,6.428,1,0,12,2,1,0,0
331,"<a HREF=""#"" onclick=""getObjectSearchInfo(jQuery, 2, this); return false;"">WISEA J115035.49-275921.3</a>",177.64788,-27.98927,IrS,112317.00,0.374649,SUN,,6.501,1,0,12,2,1,0,0
332,"<a HREF=""#"" onclick=""getObjectSearchInfo(jQuery, 2, this); return false;"">PLCK G287.0+32.9:[GDW2019] 253</a>",177.74245,-28.19008,G,118321.00,0.394675,SUN,,6.581,1,0,0,1,1,0,0
333,"<a HREF=""#"" onclick=""getObjectSearchInfo(jQuery, 2, this); return false;"">WISEA J115059.79-281121.0</a>",177.74915,-28.18918,IrS,84423.00,0.281605,SUN,,6.651,1,0,12,2,1,0,0
334,"<a HREF=""#"" onclick=""getObjectSearchInfo(jQuery, 2, this); return false;"">WISEA J115044.96-275830.9</a>",177.68734,-27.97527,IrS,130507.00,0.435323,SUN,,6.696,1,0,12,2,1,0,0
335,"<a HREF=""#"" onclick=""getObjectSearchInfo(jQuery, 2, this); return false;"">WISEA J115042.77-275835.0</a>",177.67824,-27.97640,IrS,130787.00,0.436259,SUN,,6.708,1,0,12,2,1,0,0
336,"<a HREF=""#"" onclick=""getObjectSearchInfo(jQuery, 2, this); return false;"">PLCK G287.0+32.9:[GDW2019] 303</a>",177.77063,-28.18078,G,73112.00,0.243877,SUN,,6.713,1,0,0,1,1,0,0
337,"<a HREF=""#"" onclick=""getObjectSearchInfo(jQuery, 2, this); return false;"">WISEA J115104.56-281054.3</a>",177.76903,-28.18177,IrS,73270.00,0.244401,SUN,,6.719,1,0,12,2,1,0,0
338,"<a HREF=""#"" onclick=""getObjectSearchInfo(jQuery, 2, this); return false;"">WISEA J115108.34-281020.2</a>",177.78477,-28.17230,IrS,112628.00,0.375685,SUN,,6.741,1,0,12,2,1,0,0
339,"<a HREF=""#"" onclick=""getObjectSearchInfo(jQuery, 2, this); return false;"">PLCK G287.0+32.9:[GDW2019] 307</a>",177.77198,-28.18167,G,117367.00,0.391493,SUN,,6.797,1,0,0,1,1,0,0
340,"<a HREF=""#"" onclick=""getObjectSearchInfo(jQuery, 2, this); return false;"">WISEA J115106.27-281045.7</a>",177.77615,-28.17937,IrS,114542.00,0.38207,SUN,,6.803,1,0,12,2,1,0,0
341,"<a HREF=""#"" onclick=""getObjectSearchInfo(jQuery, 2, this); return false;"">WISEA J115022.00-280837.5</a>",177.59171,-28.14376,IrS,152747.00,0.509509,SUN,,6.843,1,0,12,2,1,0,0
342,"<a HREF=""#"" onclick=""getObjectSearchInfo(jQuery, 2, this); return false;"">WISEA J115109.22-275958.9</a>",177.78846,-27.99972,IrS,116841.00,0.389741,SUN,,6.869,1,0,12,2,1,0,0
343,"<a HREF=""#"" onclick=""getObjectSearchInfo(jQuery, 2, this); return false;"">WISEA J115103.61-281112.4</a>",177.76506,-28.18678,IrS,119587.00,0.398899,SUN,,6.876,1,0,12,2,1,0,0
344,"<a HREF=""#"" onclick=""getObjectSearchInfo(jQuery, 2, this); return false;"">WISEA J115042.80-275823.9</a>",177.67835,-27.97333,IrS,116199.00,0.387597,SUN,,6.887,1,0,12,2,1,0,0
345,"<a HREF=""#"" onclick=""getObjectSearchInfo(jQuery, 2, this); return false;"">PLCK G287.0+32.9:[GDW2019] 273</a>",177.75454,-28.19273,G,123892.00,0.413259,SUN,,6.956,1,0,0,1,1,0,0
346,"<a HREF=""#"" onclick=""getObjectSearchInfo(jQuery, 2, this); return false;"">WISEA J115041.88-275822.1</a>",177.67451,-27.97283,IrS,131051.00,0.437138,SUN,,6.958,1,0,12,2,1,0,0
347,"<a HREF=""#"" onclick=""getObjectSearchInfo(jQuery, 2, this); return false;"">WISEA J115101.38-281133.1</a>",177.75576,-28.19253,IrS,114397.00,0.381588,SUN,,6.971,1,0,12,2,1,0,0
348,"<a HREF=""#"" onclick=""getObjectSearchInfo(jQuery, 2, this); return false;"">WISEA J115107.10-281053.3</a>",177.77962,-28.18148,IrS,114550.00,0.382096,SUN,,7.012,1,0,12,2,1,0,0
349,"<a HREF=""#"" onclick=""getObjectSearchInfo(jQuery, 2, this); return false;"">WISEA J115040.35-275823.8</a>",177.66813,-27.97330,IrS,131159.00,0.437499,SUN,,7.012,1,0,12,2,1,0,0
350,"<a HREF=""#"" onclick=""getObjectSearchInfo(jQuery, 2, this); return false;"">PLCK G287.0+32.9:[GDW2019] 276</a>",177.75616,-28.19343,G,116266.00,0.387822,SUN,,7.029,1,0,0,1,1,0,0
351,"<a HREF=""#"" onclick=""getObjectSearchInfo(jQuery, 2, this); return false;"">PLCK G287.0+32.9:[GDW2019] 281</a>",177.75805,-28.19339,G,116275.00,0.387851,SUN,,7.067,1,0,0,1,1,0,0
352,"<a HREF=""#"" onclick=""getObjectSearchInfo(jQuery, 2, this); return false;"">PLCK G287.0+32.9:[GDW2019] 146</a>",177.70686,-28.20398,G,113376.00,0.378183,SUN,,7.082,1,0,0,1,1,0,0
353,"<a HREF=""#"" onclick=""getObjectSearchInfo(jQuery, 2, this); return false;"">WISEA J115055.01-281206.7</a>",177.72925,-28.20187,IrS,112950.00,0.376759,SUN,,7.088,1,0,12,2,1,0,0
354,"<a HREF=""#"" onclick=""getObjectSearchInfo(jQuery, 2, this); return false;"">PLCK G287.0+32.9:[GDW2019] 011</a>",177.59784,-28.15927,G,99207.00,0.33092,SUN,,7.1,1,0,0,1,1,0,0
355,"<a HREF=""#"" onclick=""getObjectSearchInfo(jQuery, 2, this); return false;"">PLCK G287.0+32.9:[GDW2019] 006</a>",177.57440,-28.11935,G,103207.00,0.344261,SUN,,7.105,1,0,0,1,1,0,0
356,"<a HREF=""#"" onclick=""getObjectSearchInfo(jQuery, 2, this); return false;"">PLCK G287.0+32.9:[GDW2019] 294</a>",177.76415,-28.19179,G,112890.00,0.376559,SUN,,7.119,1,0,0,1,1,0,0
357,"<a HREF=""#"" onclick=""getObjectSearchInfo(jQuery, 2, this); return false;"">PLCK G287.0+32.9:[GDW2019] 268</a>",177.75044,-28.19786,G,167113.00,0.557428,SUN,,7.162,1,0,0,1,1,0,0
358,"<a HREF=""#"" onclick=""getObjectSearchInfo(jQuery, 2, this); return false;"">WISEA J115041.18-275811.4</a>",177.67160,-27.96984,IrS,131046.00,0.437121,SUN,,7.168,1,0,12,2,1,0,0
359,"<a HREF=""#"" onclick=""getObjectSearchInfo(jQuery, 2, this); return false;"">WISEA J115102.68-281140.1</a>",177.76119,-28.19447,IrS,112266.00,0.374478,SUN,,7.195,1,0,12,2,1,0,0
360,"<a HREF=""#"" onclick=""getObjectSearchInfo(jQuery, 2, this); return false;"">WISEA J115103.60-281138.5</a>",177.76504,-28.19403,IrS,121452.00,0.405121,SUN,,7.261,1,0,12,2,1,0,0
361,"<a HREF=""#"" onclick=""getObjectSearchInfo(jQuery, 2, this); return false;"">WISEA J115107.29-281109.9</a>",177.78040,-28.18609,IrS,111138.00,0.370717,SUN,,7.263,1,0,12,2,1,0,0
362,"<a HREF=""#"" onclick=""getObjectSearchInfo(jQuery, 2, this); return false;"">WISEA J115016.57-280641.7</a>",177.56907,-28.11158,IrS,74290.00,0.247804,SUN,,7.264,1,0,12,2,1,0,0
363,"<a HREF=""#"" onclick=""getObjectSearchInfo(jQuery, 2, this); return false;"">WISEA J115115.68-280056.0</a>",177.81496,-28.01512,UvS,33837.00,0.112869,SUN,,7.287,1,0,22,4,1,0,0
364,"<a HREF=""#"" onclick=""getObjectSearchInfo(jQuery, 2, this); return false;"">PLCK G287.0+32.9:[GDW2019] 285</a>",177.76113,-28.19678,G,113966.00,0.38015,SUN,,7.319,1,0,0,1,1,0,0
365,"<a HREF=""#"" onclick=""getObjectSearchInfo(jQuery, 2, this); return false;"">WISEA J115026.28-281035.1</a>",177.60952,-28.17642,IrS,215945.00,0.720314,SUN,,7.349,1,0,12,2,1,0,0
366,"<a HREF=""#"" onclick=""getObjectSearchInfo(jQuery, 2, this); return false;"">WISEA J115016.36-280653.8</a>",177.56820,-28.11496,IrS,99328.00,0.331324,SUN,,7.354,1,0,12,2,1,0,0
367,"<a HREF=""#"" onclick=""getObjectSearchInfo(jQuery, 2, this); return false;"">WISEA J115023.63-281006.1</a>",177.59849,-28.16838,IrS,93013.00,0.310258,SUN,,7.425,1,0,12,2,1,0,0
368,"<a HREF=""#"" onclick=""getObjectSearchInfo(jQuery, 2, this); return false;"">WISEA J115101.54-281213.5</a>",177.75646,-28.20377,IrS,98184.00,0.327505,SUN,,7.607,1,0,12,2,1,0,0
369,"<a HREF=""#"" onclick=""getObjectSearchInfo(jQuery, 2, this); return false;"">WISEA J115111.66-281052.2</a>",177.79860,-28.18119,IrS,53952.00,0.179964,SUN,,7.622,1,0,12,2,1,0,0
370,"<a HREF=""#"" onclick=""getObjectSearchInfo(jQuery, 2, this); return false;"">WISEA J115019.43-280919.9</a>",177.58100,-28.15555,IrS,209624.00,0.699231,SUN,,7.697,1,0,12,2,1,0,0
371,"<a HREF=""#"" onclick=""getObjectSearchInfo(jQuery, 2, this); return false;"">PLCK G287.0+32.9:[GDW2019] 005</a>",177.57369,-28.14448,G,251622.00,0.83932,SUN,,7.7,1,0,0,1,1,0,0
372,"<a HREF=""#"" onclick=""getObjectSearchInfo(jQuery, 2, this); return false;"">PLCK G287.0+32.9:[GDW2019] 013</a>",177.60054,-28.17833,G,213224.00,0.711239,SUN,,7.759,1,0,0,1,1,0,0
373,"<a HREF=""#"" onclick=""getObjectSearchInfo(jQuery, 2, this); return false;"">WISEA J115050.94-281300.7</a>",177.71226,-28.21686,IrS,130895.00,0.436618,SUN,,7.866,1,0,12,2,1,0,0
374,"<a HREF=""#"" onclick=""getObjectSearchInfo(jQuery, 2, this); return false;"">WISEA J115057.36-281249.6</a>",177.73902,-28.21378,IrS,120133.00,0.400721,SUN,,7.898,1,0,12,2,1,0,0
375,"<a HREF=""#"" onclick=""getObjectSearchInfo(jQuery, 2, this); return false;"">PLCK G287.0+32.9:[GDW2019] 228</a>",177.73683,-28.21517,G,121447.00,0.405105,SUN,,7.952,1,0,0,1,1,0,0
376,"<a HREF=""#"" onclick=""getObjectSearchInfo(jQuery, 2, this); return false;"">WISEA J115108.31-281151.9</a>",177.78466,-28.19776,IrS,115436.00,0.385054,SUN,,7.971,1,0,12,2,1,0,0
377,"<a HREF=""#"" onclick=""getObjectSearchInfo(jQuery, 2, this); return false;"">PLCK G287.0+32.9:[GDW2019] 178</a>",177.71645,-28.21975,G,20838.00,0.069509,SUN,,8.055,1,0,0,1,1,0,0
378,"<a HREF=""#"" onclick=""getObjectSearchInfo(jQuery, 2, this); return false;"">WISEA J115102.84-281238.6</a>",177.76184,-28.21074,IrS,113083.00,0.377203,SUN,,8.102,1,0,12,2,1,0,0
379,"<a HREF=""#"" onclick=""getObjectSearchInfo(jQuery, 2, this); return false;"">WISEA J115105.08-281229.6</a>",177.77118,-28.20823,IrS,112181.00,0.374195,SUN,,8.168,1,0,12,2,1,0,0
380,"<a HREF=""#"" onclick=""getObjectSearchInfo(jQuery, 2, this); return false;"">PLCK G287.0+32.9:[GDW2019] 308</a>",177.77221,-28.20849,G,115132.00,0.384038,SUN,,8.206,1,0,0,1,1,0,0
381,"<a HREF=""#"" onclick=""getObjectSearchInfo(jQuery, 2, this); return false;"">WISEA J115020.65-281037.4</a>",177.58606,-28.17708,IrS,99197.00,0.330884,SUN,,8.264,1,0,12,2,1,0,0
382,"<a HREF=""#"" onclick=""getObjectSearchInfo(jQuery, 2, this); return false;"">PLCK G287.0+32.9:[GDW2019] 284</a>",177.76101,-28.21446,G,97635.00,0.325675,SUN,,8.292,1,0,0,1,1,0,0
383,"<a HREF=""#"" onclick=""getObjectSearchInfo(jQuery, 2, this); return false;"">WISEA J115101.82-281303.9</a>",177.75762,-28.21775,IrS,113907.00,0.379954,SUN,,8.413,1,0,12,2,1,0,0
384,"<a HREF=""#"" onclick=""getObjectSearchInfo(jQuery, 2, this); return false;"">WISEA J115016.96-280953.6</a>",177.57067,-28.16491,IrS,72650.00,0.242335,SUN,,8.462,1,0,12,2,1,0,0
385,"<a HREF=""#"" onclick=""getObjectSearchInfo(jQuery, 2, this); return false;"">PLCK G287.0+32.9:[GDW2019] 275</a>",177.75609,-28.21996,G,112089.00,0.373889,SUN,,8.511,1,0,0,1,1,0,0
386,"<a HREF=""#"" onclick=""getObjectSearchInfo(jQuery, 2, this); return false;"">WISEA J115113.25-281146.1</a>",177.80522,-28.19616,IrS,114655.00,0.382449,SUN,,8.533,1,0,12,2,1,0,0
387,"<a HREF=""#"" onclick=""getObjectSearchInfo(jQuery, 2, this); return false;"">PLCK G287.0+32.9:[GDW2019] 312</a>",177.77446,-28.21416,G,108099.00,0.360579,SUN,,8.564,1,0,0,1,1,0,0
388,"<a HREF=""#"" onclick=""getObjectSearchInfo(jQuery, 2, this); return false;"">WISEA J115052.71-281341.3</a>",177.71965,-28.22816,IrS,130835.00,0.436417,SUN,,8.574,1,0,12,2,1,0,0
389,"<a HREF=""#"" onclick=""getObjectSearchInfo(jQuery, 2, this); return false;"">WISEA J115105.64-281259.0</a>",177.77362,-28.21648,IrS,112876.00,0.376515,SUN,,8.67,1,0,17,3,1,0,0
390,"<a HREF=""#"" onclick=""getObjectSearchInfo(jQuery, 2, this); return false;"">WISEA J115104.84-281311.2</a>",177.77017,-28.21980,IrS,73088.00,0.243795,SUN,,8.775,1,0,12,2,1,0,0
391,"<a HREF=""#"" onclick=""getObjectSearchInfo(jQuery, 2, this); return false;"">PLCK G287.0+32.9:[GDW2019] 326</a>",177.78672,-28.21418,G,332454.00,1.108947,SUN,,8.87,1,0,0,1,1,0,0
392,"<a HREF=""#"" onclick=""getObjectSearchInfo(jQuery, 2, this); return false;"">WISEA J115015.64-281015.1</a>",177.56519,-28.17089,IrS,174131.00,0.58084,SUN,,8.904,1,0,12,2,1,0,0
393,"<a HREF=""#"" onclick=""getObjectSearchInfo(jQuery, 2, this); return false;"">PLCK G287.0+32.9:[GDW2019] 334</a>",177.79376,-28.21329,G,115087.00,0.38389,SUN,,9.016,1,0,0,1,1,0,0
394,"<a HREF=""#"" onclick=""getObjectSearchInfo(jQuery, 2, this); return false;"">PLCK G287.0+32.9:[GDW2019] 009</a>",177.58718,-28.19684,G,91314.00,0.304591,SUN,,9.05,1,0,0,1,1,0,0
395,"<a HREF=""#"" onclick=""getObjectSearchInfo(jQuery, 2, this); return false;"">WISEA J115107.63-281314.5</a>",177.78182,-28.22071,IrS,61955.00,0.20666,SUN,,9.09,1,0,12,2,1,0,0
396,"<a HREF=""#"" onclick=""getObjectSearchInfo(jQuery, 2, this); return false;"">WISEA J115106.51-281336.0</a>",177.77714,-28.22669,IrS,113190.00,0.377562,SUN,,9.304,1,0,12,2,1,0,0
397,"<a HREF=""#"" onclick=""getObjectSearchInfo(jQuery, 2, this); return false;"">PLCK G287.0+32.9:[GDW2019] 293</a>",177.76323,-28.23508,G,113680.00,0.379197,SUN,,9.492,1,0,0,1,1,0,0
398,"<a HREF=""#"" onclick=""getObjectSearchInfo(jQuery, 2, this); return false;"">WISEA J115105.38-281358.7</a>",177.77233,-28.23308,G,119415.00,0.398327,SUN,15.5b,9.553,9,0,35,9,5,2,0
399,"<a HREF=""#"" onclick=""getObjectSearchInfo(jQuery, 2, this); return false;"">WISEA J115115.44-281449.8</a>",177.81433,-28.24722,G,36802.00,0.122759,PUN,,11.319,1,0,33,6,1,2,0
400,"<a HREF=""#"" onclick=""getObjectSearchInfo(jQuery, 2, this); return false;"">WISEA J115045.47-281817.0</a>",177.68942,-28.30478,G,41374.00,0.138009,PUN,,13.147,1,0,27,4,1,2,0
401,"<a HREF=""#"" onclick=""getObjectSearchInfo(jQuery, 2, this); return false;"">WISEA J115148.73-280638.7</a>",177.95304,-28.11083,G,31712.00,0.105781,PUN,,13.307,1,0,27,4,1,2,0
